Month,DP,EP,Mkt-RF,SMB,HML,STR,TB,TS,INF,IP,RV
196407,0.0350445742391638,0.061789117737473,1.74,0.5,0.75,1.82,3.46,0.7300000000000004,1.0752688172043,0.6572514178750044,-3.88062193709357
196408,0.0350445742391638,0.061789117737473,-1.44,0.41,0.08,-1.11,3.5,0.71,0.9756097560975618,0.6529598301332928,-4.3383973252188355
196409,0.0350445742391638,0.061789117737473,2.69,-0.34,1.7,1.25,3.53,0.6499999999999999,1.171875,0.3705516566244293,-4.292086264364366
196410,0.0350445742391638,0.061789117737473,0.59,0.87,1.17,1.11,3.57,0.5900000000000003,1.2032520325203189,-1.385039648605868,-4.2274199009753275
196411,0.0350445742391638,0.061789117737473,0.0,-0.15,-1.96,-0.68,3.64,0.56,1.3970110461338558,3.0900226362528205,-3.977058964112662
196412,0.0350445742391638,0.061789117737473,0.03,-0.69,-2.48,0.85,3.84,0.3700000000000001,1.1981865284974136,1.1806515034304743,-4.352327709787223
196501,0.0327011118378024,0.0595160235448005,3.54,2.44,0.12,2.95,3.81,0.3800000000000003,1.098901098901095,1.0770638158641654,-3.9206011776858416
196502,0.0327011118378024,0.0595160235448005,0.44,3.31,0.11,-0.51,3.93,0.2899999999999996,1.1970236169524415,0.6219776444785108,-4.4207019987243275
196503,0.0327011118378024,0.0595160235448005,-1.34,2.12,1.03,1.39,3.93,0.27,1.195862960568839,1.323914163879092,-4.361621849662287
196504,0.0327011118378024,0.0595160235448005,3.11,1.05,0.66,0.4,3.93,0.2799999999999998,1.3893376413570246,0.4354305708546668,-4.002538172346376
196505,0.0327011118378024,0.0595160235448005,-0.77,0.1,-1.61,0.21,3.89,0.3400000000000003,1.61394448030987,0.7806350885795066,-3.0915118624923137
196506,0.0327011118378024,0.0595160235448005,-5.51,-4.28,0.59,0.39,3.8,0.4000000000000003,1.9348597226700903,0.7745883798939923,-3.779049852503646
196507,0.0327011118378024,0.0595160235448005,1.43,1.08,2.2,2.58,3.84,0.3799999999999999,1.8052869116698789,0.939195284013672,-4.568851240641099
196508,0.0327011118378024,0.0595160235448005,2.73,2.71,-1.0,-1.4,3.84,0.4299999999999997,1.6103059581320522,0.4229061582562643,-4.057361861055555
196509,0.0327011118378024,0.0595160235448005,2.86,0.62,-0.13,-1.37,3.92,0.4299999999999997,1.737451737451745,0.2528631186451413,-4.2885260468872595
196510,0.0327011118378024,0.0595160235448005,2.6,3.47,1.56,-1.27,4.03,0.3799999999999999,1.7030848329048665,1.0085887883182432,-4.4318966595653055
196511,0.0327011118378024,0.0595160235448005,-0.03,5.19,0.15,-2.42,4.09,0.3900000000000005,1.7302146747837144,0.4158686053239879,-4.053590096243577
196512,0.0327011118378024,0.0595160235448005,1.01,2.66,2.03,2.82,4.38,0.2700000000000004,1.9200000000000104,1.242747047204662,-4.396461202237382
196601,0.0315838365071992,0.0602647468648397,0.72,4.68,3.56,0.51,4.59,0.1000000000000005,1.9181585677749304,0.9818721922594476,-4.005778759326125
196602,0.0315838365071992,0.0602647468648397,-1.21,4.71,0.33,-2.73,4.65,0.3699999999999992,2.557544757033248,0.6483172685679328,-3.4896212340210413
196603,0.0315838365071992,0.0602647468648397,-2.51,0.32,-1.98,-0.32,4.59,0.1200000000000001,2.778664963270528,1.3688374614069243,-3.9769856110358
196604,0.0315838365071992,0.0602647468648397,2.14,3.35,-0.46,-0.87,4.62,0.1699999999999999,2.8680688336520044,0.158934606385741,-3.1236998733403203
196605,0.0315838365071992,0.0602647468648397,-5.66,-5.1,-1.63,3.48,4.64,0.1600000000000001,2.763659466327839,0.9515045333616357,-3.7992467442644955
196606,0.0315838365071992,0.0602647468648397,-1.44,1.37,0.5,2.56,4.5,0.4699999999999997,2.4359379943056148,0.4712681290684584,-3.447033000584042
196607,0.0315838365071992,0.0602647468648397,-1.63,-0.41,0.95,1.25,4.8,0.25,2.754908169727699,0.5472823447646213,-2.8777638644562753
196608,0.0315838365071992,0.0602647468648397,-7.91,-3.12,0.43,0.3,4.96,0.4000000000000003,3.4865293185419866,0.0777989547753765,-3.2197173106201555
196609,0.0315838365071992,0.0602647468648397,-1.06,-1.14,0.56,1.04,5.37,-0.3500000000000005,3.5736875395319334,0.9325727100383708,-2.986463389761804
196610,0.0315838365071992,0.0602647468648397,3.86,-6.45,2.69,-1.53,5.35,-0.3799999999999999,3.791469194312813,0.6926092097841563,-3.5816998363719796
196611,0.0315838365071992,0.0602647468648397,1.4,3.34,-4.69,9.04,5.32,-0.2000000000000001,3.5590551181102548,-0.688129482083033,-3.6873274509213823
196612,0.0315838365071992,0.0602647468648397,0.13,2.02,-1.19,0.28,4.96,-0.3200000000000003,3.3594976452119285,0.2310612784818033,-3.6088493009839624
196701,0.0307543934847835,0.0594727818259751,8.15,9.1,2.27,3.53,4.72,-0.2000000000000001,3.19949811794229,0.4716266978989525,-3.888808676519534
196702,0.0307543934847835,0.0594727818259751,0.78,3.06,-2.22,1.3,4.56,0.1600000000000001,2.8678304239401653,-1.1341536921834594,-3.799315488049317
196703,0.0307543934847835,0.0594727818259751,3.99,1.87,0.37,1.83,4.26,0.2400000000000002,2.5481665630826544,-0.5636605728056687,-3.5427845022395053
196704,0.0307543934847835,0.0594727818259751,3.89,0.43,-2.48,0.56,3.84,0.9400000000000004,2.540272614622064,0.9431206563957684,-3.511952765161677
196705,0.0307543934847835,0.0594727818259751,-4.33,2.29,1.09,1.81,3.6,1.2099999999999995,2.3183925811437467,-0.8724228428664715,-3.4187909125277653
196706,0.0307543934847835,0.0594727818259751,2.41,6.43,0.85,-1.09,3.54,1.6799999999999995,2.841260037059889,-0.0124283563065263,-4.037125967325316
196707,0.0307543934847835,0.0594727818259751,4.58,3.54,2.73,0.21,4.21,0.9500000000000002,2.9275808936825687,-0.2277851650575257,-4.061533335174877
196708,0.0307543934847835,0.0594727818259751,-0.89,0.72,1.44,0.67,4.27,1.0,2.6033690658499253,1.9159674578156816,-3.9667316621934186
196709,0.0307543934847835,0.0594727818259751,3.11,2.44,-2.5,-0.64,4.42,0.8899999999999997,2.595419847328251,-0.1623242789930756,-3.706107046594659
196710,0.0307543934847835,0.0594727818259751,-3.09,0.53,-3.3,-2.38,4.56,1.08,2.587519025875196,0.8143647101032547,-3.543675994989015
196711,0.0307543934847835,0.0594727818259751,0.37,-0.04,-1.7,0.2,4.73,1.0099999999999998,3.10218978102188,1.430290294700809,-4.106881586094505
196712,0.0307543934847835,0.0594727818259751,3.05,5.75,-0.53,-0.04,4.97,0.7300000000000004,3.280680437424044,1.0768048385210394,-3.8174164052698956
196801,0.0345766725873297,0.0631142687981053,-4.06,4.51,4.8,3.96,5.0,0.54,3.647416413373872,-0.1074424562998332,-3.5218101907630595
196802,0.0345766725873297,0.0631142687981053,-3.75,-2.91,1.28,-0.87,4.98,0.5799999999999992,3.6363636363636376,0.3582509411326651,-3.287258080142534
196803,0.0345766725873297,0.0631142687981053,0.2,-1.59,-0.59,1.54,5.17,0.5899999999999999,3.939393939393932,0.312178821305098,-3.1709020873475895
196804,0.0345766725873297,0.0631142687981053,9.05,6.18,-1.13,-0.74,5.38,0.3600000000000003,3.92749244712991,0.1446456455633793,-3.9135824342544883
196805,0.0345766725873297,0.0631142687981053,2.28,7.0,0.85,-1.96,5.66,0.2000000000000001,4.229607250755274,1.121846601633658,-3.5836287708876586
196806,0.0345766725873297,0.0631142687981053,0.69,-0.28,0.73,3.74,5.52,0.1200000000000001,4.2042042042042205,0.3673655991062174,-3.593325990257697
196807,0.0345766725873297,0.0631142687981053,-2.72,-1.41,5.39,-1.33,5.31,0.08,4.491017964071853,-0.1533622448567029,-4.02924625319194
196808,0.0345766725873297,0.0631142687981053,1.34,2.27,1.01,0.71,5.09,0.33,4.477611940298498,0.2791214961344046,-4.111831257160795
196809,0.0345766725873297,0.0631142687981053,4.03,2.81,0.3,-0.15,5.19,0.2999999999999998,4.464285714285721,0.3787532101151569,-4.111159986614886
196810,0.0345766725873297,0.0631142687981053,0.42,-0.42,2.86,1.34,5.35,0.2600000000000007,4.7477744807121525,0.1984504772197803,-4.1217421378312435
196811,0.0345766725873297,0.0631142687981053,5.43,2.39,-0.92,3.29,5.45,0.33,4.424778761061954,1.2935291425451467,-4.002222994257755
196812,0.0345766725873297,0.0631142687981053,-3.94,3.52,-0.01,2.39,5.96,0.2000000000000001,4.705882352941182,0.3157516474573185,-3.7117206664047644
196901,0.0323021885521885,0.0606060606060606,-1.25,-0.44,1.67,2.52,6.14,0.0500000000000007,4.692082111436946,0.6050197941826374,-3.712974259881144
196902,0.0323021885521885,0.0606060606060606,-5.84,-4.16,0.91,2.39,6.12,0.1399999999999996,4.678362573099393,0.6398676280389815,-3.7604626719571526
196903,0.0323021885521885,0.0606060606060606,2.64,-0.45,-0.51,0.29,6.02,0.2800000000000002,5.247813411078739,0.7840831638041834,-3.7524207769438953
196904,0.0323021885521885,0.0606060606060606,1.46,-0.8,-0.03,-0.96,6.11,0.0899999999999998,5.523255813953476,-0.3678254674609915,-3.879482123721824
196905,0.0323021885521885,0.0606060606060606,-0.1,-0.11,0.7,1.44,6.04,0.5199999999999996,5.507246376811592,-0.3779920049120755,-3.5917575245279987
196906,0.0323021885521885,0.0606060606060606,-7.18,-5.45,-1.08,-0.11,6.44,0.29,5.475504322766556,0.9770419839387312,-3.0311591555708226
196907,0.0323021885521885,0.0606060606060606,-7.0,-3.41,1.2,-1.61,7.0,-0.3399999999999998,5.4441260744985565,0.5277051650205422,-3.4965289939312107
196908,0.0323021885521885,0.0606060606060606,4.68,0.7,-3.79,3.28,6.98,-0.1500000000000003,5.428571428571427,0.22980319418755,-3.5017412100954366
196909,0.0323021885521885,0.0606060606060606,-2.98,1.29,-3.27,0.63,7.09,0.4199999999999999,5.698005698005693,-0.0224931050964771,-3.597545033162559
196910,0.0323021885521885,0.0606060606060606,5.06,3.96,-3.16,-0.48,7.0,-0.0599999999999996,5.665722379603411,0.0294010119061161,-3.7921458228989864
196911,0.0323021885521885,0.0606060606060606,-3.79,-2.45,-1.19,1.04,7.24,0.0499999999999998,5.932203389830515,-0.942600534685556,-3.395741850815967
196912,0.0323021885521885,0.0606060606060606,-2.63,-3.76,-2.86,-2.86,7.82,0.0599999999999996,5.89887640449438,-0.2683386227004147,-3.398177976223774
197001,0.0309682477459819,0.0566444531556252,-8.1,3.12,3.13,-0.26,7.87,-0.1200000000000001,6.162464985994376,-1.8518614337826311,-3.4253509656919245
197002,0.0309682477459819,0.0566444531556252,5.13,-2.76,3.93,2.82,7.13,-0.2299999999999995,6.424581005586605,-0.065898379427054,-3.4724498428207
197003,0.0309682477459819,0.0566444531556252,-1.06,-2.41,3.99,0.63,6.63,0.4500000000000002,6.094182825484751,-0.129773529365218,-3.214309687357997
197004,0.0309682477459819,0.0566444531556252,-11.0,-6.4,6.18,-4.54,6.51,1.3100000000000005,6.060606060606077,-0.2572432189736684,-2.404755134563399
197005,0.0309682477459819,0.0566444531556252,-6.92,-4.48,3.33,-3.16,6.84,1.1100000000000003,6.043956043956045,-0.1165081449784888,-2.9644274349155784
197006,0.0309682477459819,0.0566444531556252,-5.79,-2.2,0.6,-0.1,6.68,1.0,6.010928961748618,-0.3234221241940949,-3.079122904477773
197007,0.0309682477459819,0.0566444531556252,6.93,-0.62,0.9,3.97,6.45,0.9299999999999996,5.706521739130444,0.2454813349078044,-3.149381515405345
197008,0.0309682477459819,0.0566444531556252,4.49,1.52,1.15,1.52,6.41,1.08,5.691056910569103,-0.1782876427030788,-3.4267766279876564
197009,0.0309682477459819,0.0566444531556252,4.18,8.51,-5.47,0.57,6.12,1.17,5.660377358490565,-0.6891749302984418,-3.433429199921047
197010,0.0309682477459819,0.0566444531556252,-2.28,-4.43,0.22,6.79,5.91,1.42,5.630026809651478,-2.0005138443586867,-3.4985897189565325
197011,0.0309682477459819,0.0566444531556252,4.6,-3.86,1.69,-0.52,5.28,1.21,5.600000000000005,-0.6057146914487221,-3.76643387685132
197012,0.0309682477459819,0.0566444531556252,5.72,2.94,1.0,2.37,4.87,1.63,5.570291777188308,2.296674643711838,-3.7610186922224433
197101,0.0347691285571918,0.0568043406045842,4.84,7.54,1.33,1.88,4.44,1.6499999999999997,5.277044854881274,0.7692307692307665,-3.847756900950195
197102,0.0347691285571918,0.0568043406045842,1.41,2.04,-1.23,1.76,3.7,2.4399999999999995,4.724409448818889,-0.190573158770102,-3.8077858690044835
197103,0.0347691285571918,0.0568043406045842,4.13,2.26,-3.95,0.1,3.38,2.1500000000000004,4.438642297650142,-0.1084201896552117,-4.027312136627791
197104,0.0347691285571918,0.0568043406045842,3.15,-0.36,0.69,0.92,3.86,2.22,4.155844155844157,0.5616700930057172,-3.7626435295425544
197105,0.0347691285571918,0.0568043406045842,-3.98,-1.11,-1.44,0.53,4.14,2.24,4.404145077720201,0.5074914133197161,-3.5400880716799077
197106,0.0347691285571918,0.0568043406045842,-0.1,-1.48,-1.87,-0.99,4.75,1.95,4.381443298969079,0.4192312066717329,-3.6868422208812337
197107,0.0347691285571918,0.0568043406045842,-4.5,-1.39,0.02,1.37,5.4,1.4499999999999993,4.370179948586128,-0.2902612351115996,-3.0050883943722573
197108,0.0347691285571918,0.0568043406045842,3.79,-0.16,2.63,5.57,4.94,1.34,4.358974358974366,-0.5803632751825494,-3.7767594345481066
197109,0.0347691285571918,0.0568043406045842,-0.85,0.28,-2.91,0.29,4.69,1.3099999999999996,4.081632653061207,1.6253098770057317,-3.6607246800480824
197110,0.0347691285571918,0.0568043406045842,-4.42,-1.6,-0.48,-1.25,4.46,1.41,3.8071065989847774,0.7485436994739691,-3.1419105547168757
197111,0.0347691285571918,0.0568043406045842,-0.46,-2.86,-1.68,-0.82,4.22,1.71,3.535353535353525,0.4243017187463449,-3.381077902335648
197112,0.0347691285571918,0.0568043406045842,8.71,3.27,-0.4,3.65,4.01,1.88,3.266331658291466,1.1543411185247487,-3.813641576733421
197201,0.0328377366563268,0.0609690876029521,2.49,6.1,2.24,-0.58,3.38,2.71,3.2581453634085378,2.396785211564434,-4.08258982635855
197202,0.0328377366563268,0.0609690876029521,2.87,0.87,-2.79,-0.1,3.2,2.84,3.759398496240607,1.0046828650052575,-3.7565256485969245
197203,0.0328377366563268,0.0609690876029521,0.63,-0.43,-1.61,1.46,3.73,2.39,3.499999999999992,0.7084105224157033,-3.9252977904438127
197204,0.0328377366563268,0.0609690876029521,0.29,0.23,0.12,0.13,3.71,2.43,3.4912718204488824,0.9911262195929638,-3.5851760193819335
197205,0.0328377366563268,0.0609690876029521,1.25,-3.1,-2.7,-0.93,3.69,2.36,3.2258064516129226,0.0080143967709389,-3.9573247908298677
197206,0.0328377366563268,0.0609690876029521,-2.43,-0.43,-2.48,-1.74,3.91,2.24,2.9629629629629672,0.2603256012744248,-3.713064241577255
197207,0.0328377366563268,0.0609690876029521,-0.8,-2.77,0.66,-2.32,3.98,2.14,2.9556650246305383,-0.0942198883893907,-3.7134747630156215
197208,0.0328377366563268,0.0609690876029521,3.26,-3.48,4.54,0.7,4.02,2.4000000000000004,2.9484029484029284,1.381417055579126,-3.822914846310158
197209,0.0328377366563268,0.0609690876029521,-1.14,-2.23,0.46,1.48,4.66,1.88,3.1862745098039325,0.7657117987053264,-3.530296845385623
197210,0.0328377366563268,0.0609690876029521,0.52,-2.54,1.34,-0.93,4.74,1.67,3.1784841075794823,1.2888757045387056,-3.812131794288977
197211,0.0328377366563268,0.0609690876029521,4.6,-0.62,4.85,3.28,4.78,1.5,3.4146341463414664,1.1789899860826791,-3.783568346679511
197212,0.0328377366563268,0.0609690876029521,0.62,-1.89,-2.19,3.89,5.07,1.34,3.406326034063256,1.1235694867056667,-3.785087461313191
197301,0.0304937076476282,0.0621490803484995,-3.29,-2.81,2.68,-1.37,5.41,1.13,3.640776699029136,0.7291213446609879,-3.336502811506629
197302,0.0304937076476282,0.0621490803484995,-4.85,-3.91,1.6,-2.2,5.6,1.04,3.864734299516903,1.4551894406125363,-3.232316049250329
197303,0.0304937076476282,0.0621490803484995,-1.3,-2.33,2.62,0.43,6.09,0.6400000000000006,4.830917874396135,0.0367486415326911,-3.245332375943891
197304,0.0304937076476282,0.0621490803484995,-5.68,-2.9,5.41,-0.68,6.26,0.4400000000000004,5.301204819277117,-0.1478365465382825,-2.891815548475525
197305,0.0304937076476282,0.0621490803484995,-2.94,-6.17,0.41,-1.11,6.36,0.5699999999999994,5.528846153846145,0.6610899122659442,-3.0677587392194066
197306,0.0304937076476282,0.0621490803484995,-1.57,-2.48,1.2,0.11,7.19,-0.25,5.995203836930463,0.1210092573196153,-3.1414390333799322
197307,0.0304937076476282,0.0621490803484995,5.05,7.26,-5.31,9.47,8.01,-0.5800000000000001,5.741626794258381,0.3677084330323321,-3.4080966014157776
197308,0.0304937076476282,0.0621490803484995,-3.82,-1.84,1.24,1.71,8.67,-1.42,7.398568019093088,-0.1366092951980424,-3.487717207991925
197309,0.0304937076476282,0.0621490803484995,4.75,3.6,2.01,1.65,8.29,-1.3899999999999988,7.3634204275534465,0.8010126469836898,-3.3057771604554986
197310,0.0304937076476282,0.0621490803484995,-0.83,-0.38,1.94,1.82,7.22,-0.5099999999999998,8.056872037914697,0.7997144821022539,-2.71652512699389
197311,0.0304937076476282,0.0621490803484995,-12.75,-7.28,3.87,-4.67,7.83,-1.1399999999999997,8.25471698113207,0.4511061279620199,-2.614551559166146
197312,0.0304937076476282,0.0621490803484995,0.61,-4.69,3.85,0.39,7.45,-0.5499999999999998,8.94117647058823,-0.2795872986862679,-2.840598144322211
197401,0.0285424759331194,0.0689072791758148,-0.17,10.41,6.02,9.23,7.77,-0.7699999999999996,9.601873536299754,-0.6597995727884998,-3.1387725089016216
197402,0.0285424759331194,0.0689072791758148,-0.47,0.06,2.81,0.73,7.12,-0.1100000000000003,9.999999999999986,-0.2888224609430723,-3.19043976135075
197403,0.0285424759331194,0.0689072791758148,-2.81,2.65,-0.32,4.12,7.96,-0.5499999999999998,10.138248847926269,-0.0165204787854977,-3.1800549498723445
197404,0.0285424759331194,0.0689072791758148,-5.29,-0.7,0.85,-1.39,8.33,-0.6699999999999999,10.068649885583516,-0.3033661080353522,-3.08320684251257
197405,0.0285424759331194,0.0689072791758148,-4.68,-3.07,-2.02,-2.72,8.23,-0.7100000000000009,10.70615034168565,0.8076812587010762,-3.0373758681216136
197406,0.0285424759331194,0.0689072791758148,-2.83,0.0,0.77,-0.95,7.9,-0.2600000000000007,10.859728506787311,-0.1821629382816048,-2.6574751974268227
197407,0.0285424759331194,0.0689072791758148,-8.05,1.92,5.16,0.85,7.55,0.3399999999999998,11.53846153846152,0.18491108017058,-2.670504971800423
197408,0.0285424759331194,0.0689072791758148,-9.35,0.26,2.64,2.04,8.96,-0.8500000000000014,10.888888888888882,-1.0488912660347682,-2.4260658978426277
197409,0.0285424759331194,0.0689072791758148,-11.77,1.48,5.58,3.26,8.06,-0.1200000000000001,11.94690265486724,0.0141777670459974,-2.2983555457450704
197410,0.0285424759331194,0.0689072791758148,16.1,-6.82,-9.87,8.72,7.46,0.33,11.842105263157896,-0.3127526441109696,-2.8255283570673617
197411,0.0285424759331194,0.0689072791758148,-4.51,-1.48,-0.2,-0.3,7.47,0.1699999999999999,12.200435729847502,-3.2975383446317674,-2.7844821089769347
197412,0.0285424759331194,0.0689072791758148,-3.45,-4.35,0.11,-0.38,7.15,0.25,12.095032397408213,-3.595866017802407,-2.758583027577265
197501,0.0374570804286754,0.0924981791697013,13.66,12.91,8.28,14.57,6.26,1.2700000000000005,11.752136752136757,-1.383791101408094,-3.064438107243706
197502,0.0374570804286754,0.0924981791697013,5.56,-0.65,-4.44,4.55,5.5,1.96,11.205073995771686,-2.28365791292664,-3.0434946018102185
197503,0.0374570804286754,0.0924981791697013,2.66,4.0,2.38,3.5,5.49,2.52,10.460251046025103,-1.08776034646082,-3.034436813668034
197504,0.0374570804286754,0.0924981791697013,4.23,-0.71,-1.14,-0.46,5.61,2.7,10.187110187110182,0.1852875207229543,-3.1579956225025
197505,0.0374570804286754,0.0924981791697013,5.19,2.89,-4.1,3.76,5.23,2.8099999999999987,9.259259259259256,-0.2842809364548504,-3.3025839433138358
197506,0.0374570804286754,0.0924981791697013,4.83,1.43,1.38,3.29,5.34,2.62,9.183673469387754,0.6327577273785412,-3.344549353934244
197507,0.0374570804286754,0.0924981791697013,-6.59,3.44,1.69,1.21,6.13,2.0699999999999994,9.533468559837743,1.029227780693387,-3.0281326417780994
197508,0.0374570804286754,0.0924981791697013,-2.85,-2.84,-0.95,0.64,6.44,1.7800000000000002,8.617234468937895,0.9889533638447467,-3.036420182749557
197509,0.0374570804286754,0.0924981791697013,-4.26,0.05,0.39,-0.31,6.42,2.0600000000000005,7.905138339920947,1.297403243264328,-3.070079489649091
197510,0.0374570804286754,0.0924981791697013,5.31,-4.23,0.28,1.56,5.96,1.95,7.647058823529407,0.4276507366566706,-3.5575819135703015
197511,0.0374570804286754,0.0924981791697013,2.64,-1.09,2.03,-2.52,5.48,2.66,7.37864077669903,0.1387481038957361,-3.3109873048218197
197512,0.0374570804286754,0.0924981791697013,-1.6,-0.05,1.69,3.26,5.44,2.3199999999999994,7.129094412331405,1.350859812100058,-3.112762838338273
197601,0.0507166482910694,0.109702315325248,12.16,6.34,8.63,2.84,4.87,2.93,6.692160611854692,1.3345075992793998,-3.3556376319198113
197602,0.0507166482910694,0.109702315325248,0.32,7.99,5.87,-2.48,4.88,2.89,6.273764258555126,0.9995829246072008,-3.3342774101378185
197603,0.0507166482910694,0.109702315325248,2.32,-1.38,-0.12,4.43,5.0,2.66,6.060606060606055,0.213856123505951,-3.4503226545119343
197604,0.0507166482910694,0.109702315325248,-1.49,0.08,-0.16,2.13,4.86,2.81,5.849056603773595,0.4986233759058489,-3.4866958305071716
197605,0.0507166482910694,0.109702315325248,-1.34,-1.1,-1.36,-0.77,5.2,2.76,6.214689265536721,0.4255981968196876,-3.4682930376427445
197606,0.0507166482910694,0.109702315325248,4.05,-1.07,0.71,0.63,5.41,2.45,5.981308411214958,0.1076593221112309,-3.813467062532008
197607,0.0507166482910694,0.109702315325248,-1.07,0.63,1.73,1.68,5.23,2.63,5.555555555555558,0.5550340402650233,-3.601382577329613
197608,0.0507166482910694,0.109702315325248,-0.56,-1.98,0.81,-2.04,5.14,2.5200000000000005,5.719557195571956,0.6899630207011453,-3.5134407142844895
197609,0.0507166482910694,0.109702315325248,2.07,0.1,-0.29,-0.32,5.08,2.47,5.494505494505497,0.3319283574834575,-3.334370707139249
197610,0.0507166482910694,0.109702315325248,-2.42,0.13,-0.18,1.14,4.92,2.5,5.464480874316946,-0.0316251278462575,-3.398139272102439
197611,0.0507166482910694,0.109702315325248,0.36,2.66,1.51,0.54,4.75,2.26,5.063291139240511,1.5337430195172974,-3.7295047292042938
197612,0.0507166482910694,0.109702315325248,5.65,3.64,2.27,3.64,4.35,2.46,5.035971223021574,1.0781295921050482,-3.63534868797479
197701,0.0418129258723931,0.1023126161470163,-4.05,5.9,4.27,0.54,4.62,2.78,5.197132616487465,-0.6840510513267839,-4.001175678971982
197702,0.0418129258723931,0.1023126161470163,-1.94,1.07,0.47,1.38,4.67,2.78,6.082289803220031,1.5773960857860423,-3.657309398329147
197703,0.0418129258723931,0.1023126161470163,-1.37,1.31,1.09,1.03,4.6,2.8200000000000003,6.428571428571428,1.26880177870623,-3.461510437123776
197704,0.0418129258723931,0.1023126161470163,0.15,0.61,3.38,-1.22,4.54,2.91,6.951871657754016,0.9770732312749164,-3.6810978154254133
197705,0.0418129258723931,0.1023126161470163,-1.45,1.31,0.85,-0.32,4.96,2.42,6.737588652482285,0.7713825548868236,-3.73993422022703
197706,0.0418129258723931,0.1023126161470163,4.71,2.08,-0.74,0.09,5.02,2.1800000000000006,6.701940035273357,0.7644263122476458,-3.7137202168506867
197707,0.0418129258723931,0.1023126161470163,-1.69,1.88,-0.56,1.03,5.19,2.2299999999999995,6.666666666666665,0.1289770533543288,-3.7241368395447427
197708,0.0418129258723931,0.1023126161470163,-1.75,0.86,-2.7,-0.71,5.49,1.79,6.631762652705064,0.102756928797576,-3.838678943953919
197709,0.0418129258723931,0.1023126161470163,-0.27,1.43,-0.52,0.83,5.81,1.6000000000000003,6.423611111111094,0.3983209304843527,-3.6147462457674737
197710,0.0418129258723931,0.1023126161470163,-4.38,1.48,1.75,1.76,6.16,1.46,6.390328151986191,0.15989912459895,-3.2901093140750675
197711,0.0418129258723931,0.1023126161470163,4.0,3.64,0.26,2.22,6.1,1.4500000000000002,6.712564543889843,0.1807640542499156,-3.687580333850103
197712,0.0418129258723931,0.1023126161470163,0.27,1.59,-0.29,-0.13,6.07,1.71,6.67808219178081,0.1769242057529263,-3.5021067152536074
197801,0.0449860321741643,0.1049031885174838,-6.01,2.72,3.36,1.07,6.44,1.5,6.814310051107331,-1.459729016524347,-3.654195729953123
197802,0.0449860321741643,0.1049031885174838,-1.38,3.7,0.83,1.17,6.45,1.589999999999999,6.239460370994943,0.5584124086063014,-3.6905997720282437
197803,0.0449860321741643,0.1049031885174838,2.85,3.71,1.18,-0.27,6.29,1.8600000000000003,6.375838926174482,1.9130865698741009,-3.176596647530371
197804,0.0449860321741643,0.1049031885174838,7.88,-0.26,-3.54,0.22,6.29,1.95,6.499999999999995,1.9897478644789413,-3.4130645226295875
197805,0.0449860321741643,0.1049031885174838,1.76,4.58,-0.52,0.08,6.41,2.01,7.14285714285714,0.4815724421972867,-3.4403554413249107
197806,0.0449860321741643,0.1049031885174838,-1.69,1.56,0.57,1.35,6.73,1.8899999999999988,7.438016528925617,0.6427406589287754,-3.5351784740403094
197807,0.0449860321741643,0.1049031885174838,5.11,0.12,-1.15,0.91,7.01,1.5500000000000007,7.7302631578947345,-0.0717078755848588,-3.451951663186128
197808,0.0449860321741643,0.1049031885174838,3.75,4.95,-0.51,0.87,7.08,1.3100000000000005,7.855973813420625,0.4097418249865203,-3.4805904746558416
197809,0.0449860321741643,0.1049031885174838,-1.43,-0.32,1.89,3.65,7.85,0.7100000000000009,8.482871125611746,0.2355235908562347,-3.0829031719290256
197810,0.0449860321741643,0.1049031885174838,-11.91,-10.02,1.38,-1.84,7.99,0.9700000000000006,8.92857142857142,0.7730578030583635,-2.8752978641631683
197811,0.0449860321741643,0.1049031885174838,2.71,2.81,-2.15,9.15,8.64,0.2199999999999988,8.870967741935477,0.7686910362377342,-3.1987764316069596
197812,0.0449860321741643,0.1049031885174838,0.88,1.13,-2.13,-0.39,9.08,0.0700000000000002,8.988764044943842,0.4986597670205706,-3.4533212522187062
197901,0.0561772853185595,0.1366204986149584,4.23,3.78,2.19,5.62,9.35,-0.4000000000000003,9.250398724082933,-0.5392229708213625,-3.5567247135829914
197902,0.0561772853185595,0.1366204986149584,-3.56,0.54,1.17,1.31,9.32,-0.1500000000000003,9.84126984126985,0.5112940687947543,-3.564991882566936
197903,0.0561772853185595,0.1366204986149584,5.68,3.24,-0.71,1.47,9.48,-0.370000000000001,10.252365930599373,0.2992312652270179,-3.671711869184198
197904,0.0561772853185595,0.1366204986149584,-0.06,2.37,1.12,-0.4,9.46,-0.1100000000000012,10.485133020344284,-1.1941240780376616,-3.4939932304633654
197905,0.0561772853185595,0.1366204986149584,-2.21,0.18,1.31,1.17,9.61,-0.5499999999999989,10.697674418604652,0.892585810573876,-3.7336395074200044
197906,0.0561772853185595,0.1366204986149584,3.85,1.0,1.44,1.19,9.06,-0.25,11.076923076923071,0.007530091403729,-3.6267554824690302
197907,0.0561772853185595,0.1366204986149584,0.82,1.27,1.86,0.6,9.24,-0.2300000000000004,11.45038167938932,-0.161595178015339,-3.7940117493361796
197908,0.0561772853185595,0.1366204986149584,5.53,1.92,-1.58,0.79,9.52,-0.2799999999999993,11.836115326251884,-0.6493606949203645,-3.349125806933114
197909,0.0561772853185595,0.1366204986149584,-0.82,-0.32,-0.9,-1.63,10.26,-0.8200000000000003,11.879699248120312,-0.0048660285032586,-2.9781842034093158
197910,0.0561772853185595,0.1366204986149584,-8.1,-3.5,-1.84,-1.94,11.7,-0.9799999999999986,12.071535022354718,0.6865327081155614,-3.2320540982908876
197911,0.0561772853185595,0.1366204986149584,5.21,2.53,-3.29,1.31,11.79,-1.4099999999999984,12.5925925925926,-0.1635515825452071,-3.8317684836522106
197912,0.0561772853185595,0.1366204986149584,1.79,4.32,-2.1,-1.89,12.04,-1.709999999999999,13.254786450662737,0.0660312690009323,-3.1312688809395857
198001,0.0566643265469862,0.1490321933607461,5.51,1.83,1.75,-3.41,12.0,-0.8699999999999992,13.868613138686126,0.538351236446899,-3.1335774023441827
198002,0.0566643265469862,0.1490321933607461,-1.22,-1.57,0.61,-4.91,12.86,-0.1399999999999988,14.161849710982644,0.0450394094832828,-2.6884760809973693
198003,0.0566643265469862,0.1490321933607461,-12.9,-6.93,-1.01,8.46,15.2,-2.5599999999999987,14.592274678111572,-0.4259502596295594,-2.948887572589486
198004,0.0566643265469862,0.1490321933607461,3.97,1.05,1.06,1.4,13.2,-2.4399999999999995,14.589235127478762,-1.9699941070203784,-3.2479164841018875
198005,0.0566643265469862,0.1490321933607461,5.26,2.11,0.38,2.84,8.58,1.67,14.425770308123242,-2.457580183259122,-3.2960765554277898
198006,0.0566643265469862,0.1490321933607461,3.06,1.41,-0.76,2.24,7.07,3.02,14.265927977839322,-1.292180238432017,-3.299093681297237
198007,0.0566643265469862,0.1490321933607461,6.49,3.82,-6.41,2.95,8.06,2.7,13.15068493150684,-0.7181093335789757,-3.1861698535269403
198008,0.0566643265469862,0.1490321933607461,1.8,4.25,-2.6,-0.84,9.13,2.42,12.890094979647216,0.3210329136056566,-2.965202404039977
198009,0.0566643265469862,0.1490321933607461,2.19,0.67,-4.59,-1.52,10.27,1.59,12.768817204301076,1.6694960888205657,-3.061780126079009
198010,0.0566643265469862,0.1490321933607461,1.06,2.33,-2.76,-1.96,11.62,0.8400000000000016,12.632978723404252,1.2674937383383655,-3.0121856262869358
198011,0.0566643265469862,0.1490321933607461,9.59,-3.31,-8.33,-9.71,13.73,-1.0099999999999998,12.631578947368416,1.6696377061844905,-2.9127165478814216
198012,0.0566643265469862,0.1490321933607461,-4.52,-0.29,2.79,6.38,15.49,-3.0600000000000005,12.353706111833551,0.6544135115872152,-3.219677672862815
198101,0.0555605664291512,0.1336700640389645,-5.04,3.29,6.72,-2.29,15.02,-2.34,11.794871794871796,-0.6224592504740056,-3.240946619055903
198102,0.0555605664291512,0.1336700640389645,0.57,-0.5,1.02,-2.33,14.79,-1.3599999999999994,11.392405063291132,-0.4163288860797864,-3.0886696596333816
198103,0.0555605664291512,0.1336700640389645,3.56,3.02,0.64,1.59,13.36,-0.2299999999999986,10.611735330836458,0.5105138252663011,-3.5458360432193423
198104,0.0555605664291512,0.1336700640389645,-2.11,4.59,2.28,-1.5,13.69,0.4199999999999999,10.13597033374536,-0.4200642451198333,-3.494652958741519
198105,0.0555605664291512,0.1336700640389645,0.11,2.45,-0.42,-3.78,16.3,-2.8000000000000007,9.79192166462668,0.5685533104887952,-3.456108409664162
198106,0.0555605664291512,0.1336700640389645,-2.36,-0.96,5.13,4.78,14.73,-0.870000000000001,9.696969696969692,0.5263704135963554,-3.405397043076562
198107,0.0555605664291512,0.1336700640389645,-1.54,-2.05,-0.5,-0.56,14.95,-0.2799999999999993,10.774818401937058,0.6410768376659437,-3.153104288065413
198108,0.0555605664291512,0.1336700640389645,-7.04,-1.81,4.76,-0.65,15.51,-0.0999999999999996,10.817307692307686,-0.1155530092171397,-2.946049769980739
198109,0.0555605664291512,0.1336700640389645,-7.17,-2.45,5.17,-1.11,14.7,1.1400000000000006,10.96543504171632,-0.4887132811031591,-3.088114978077905
198110,0.0555605664291512,0.1336700640389645,4.92,2.37,-4.21,4.55,13.54,1.0900000000000016,10.271546635182991,-0.7684113980374829,-3.2498117400834587
198111,0.0555605664291512,0.1336700640389645,3.36,-1.51,1.83,2.67,10.86,2.2700000000000014,9.579439252336464,-1.1670372325498837,-3.5033470421602186
198112,0.0555605664291512,0.1336700640389645,-3.65,1.2,0.81,1.66,10.85,3.130000000000001,8.912037037037024,-1.0827307131766273,-2.9913642796690953
198201,0.0498608708731292,0.1155147777694216,-3.24,-1.14,3.19,-1.37,12.28,1.8600000000000008,8.25688073394495,-2.0478500785859,-3.1281748256301922
198202,0.0498608708731292,0.1155147777694216,-5.86,0.35,6.05,-4.31,13.48,0.5499999999999989,7.613636363636367,2.0416862201037222,-3.161312055936072
198203,0.0498608708731292,0.1155147777694216,-1.87,-0.05,3.81,-1.89,12.68,1.5,6.884875846501148,-0.6731707708929835,-3.344418013046223
198204,0.0498608708731292,0.1155147777694216,3.27,1.09,-2.7,1.65,12.7,1.17,6.621773288439958,-0.913483895752054,-3.532543752825896
198205,0.0498608708731292,0.1155147777694216,-3.99,0.64,1.75,1.99,12.09,1.620000000000001,6.911928651059096,-0.6709218237320069,-3.2543906658066453
198206,0.0498608708731292,0.1155147777694216,-3.09,-0.52,1.53,0.15,12.47,1.9699999999999989,7.182320441988943,-0.2578145542992405,-3.4761892737508435
198207,0.0498608708731292,0.1155147777694216,-3.19,0.95,0.09,-2.88,11.35,2.33,6.557377049180335,-0.3439547380280072,-2.524989810829267
198208,0.0498608708731292,0.1155147777694216,11.14,-4.35,0.95,1.14,8.68,4.130000000000001,5.965292841648595,-0.9019156407135132,-3.0756229185850374
198209,0.0498608708731292,0.1155147777694216,1.29,2.61,0.28,4.52,7.92,3.810000000000001,4.940923737916236,-0.2579797495281477,-2.5473817909737067
198210,0.0498608708731292,0.1155147777694216,11.3,1.92,-3.66,2.97,7.71,3.000000000000001,5.032119914346889,-0.9622421370891864,-2.6031365345807815
198211,0.0498608708731292,0.1155147777694216,4.67,4.43,-1.87,-4.48,8.07,2.719999999999999,4.47761194029852,-0.3183745165267648,-2.9975440052820774
198212,0.0498608708731292,0.1155147777694216,0.55,-0.04,-0.02,3.8,7.94,2.419999999999999,3.825717321997879,-0.7097350830671645,-2.859383657430252
198301,0.0585777626193724,0.1077762619372442,3.6,3.35,-0.75,3.18,7.86,2.9400000000000004,3.7076271186440746,1.8545340520523808,-3.1299951609961414
198302,0.0585777626193724,0.1077762619372442,2.59,2.92,0.7,2.63,8.11,2.16,3.484688489968324,-0.6163466955398156,-3.227554240988586
198303,0.0585777626193724,0.1077762619372442,2.82,1.37,2.02,0.34,8.35,2.27,3.590285110876445,0.836164097204084,-3.2767140008567828
198304,0.0585777626193724,0.1077762619372442,6.67,0.48,0.49,-0.55,8.21,2.0599999999999987,4.000000000000004,1.2528316712502765,-3.4117592488993282
198305,0.0585777626193724,0.1077762619372442,0.52,6.3,-1.4,2.73,8.19,2.620000000000001,3.44108446298228,0.6255791922164855,-3.3006663843601443
198306,0.0585777626193724,0.1077762619372442,3.07,1.18,-3.9,0.18,8.79,2.1700000000000017,2.4742268041237248,0.6058965176333642,-3.0344088385890653
198307,0.0585777626193724,0.1077762619372442,-4.07,1.01,5.62,2.04,9.08,2.68,2.358974358974364,1.4836002740083565,-3.297159305868309
198308,0.0585777626193724,0.1077762619372442,-0.5,-4.32,5.54,-0.65,9.34,2.640000000000001,2.456499488229258,1.1961275521171322,-3.427311234642809
198309,0.0585777626193724,0.1077762619372442,0.91,0.3,1.01,2.36,9.0,2.4399999999999995,2.763561924257929,1.4398672296700443,-3.399314169385325
198310,0.0585777626193724,0.1077762619372442,-3.44,-3.77,4.97,-1.63,8.64,3.1,2.752293577981657,0.78535363419312,-3.544240711294482
198311,0.0585777626193724,0.1077762619372442,2.16,1.87,-0.72,4.94,8.76,2.870000000000001,3.1632653061224536,0.442141932026252,-3.771002089932163
198312,0.0585777626193724,0.1077762619372442,-1.78,-0.45,1.73,1.97,9.0,2.8200000000000003,3.787103377686796,0.5057320161617751,-3.568878888591845
198401,0.0491439661745338,0.0972482151521452,-1.92,-0.04,7.58,0.64,8.9,2.77,4.290091930541351,1.9790877230777548,-3.1024578245276224
198402,0.0491439661745338,0.0972482151521452,-4.82,-1.59,3.33,-2.06,9.09,2.95,4.693877551020398,0.4670156080539334,-3.3021291938262776
198403,0.0491439661745338,0.0972482151521452,0.63,-0.29,0.46,2.51,9.52,3.01,4.892966360856277,0.4682240341236543,-3.4364214641508077
198404,0.0491439661745338,0.0972482151521452,-0.51,-0.95,1.2,1.61,9.69,3.130000000000001,4.5546558704453455,0.5931102785226461,-3.4885264971206817
198405,0.0491439661745338,0.0972482151521452,-5.97,0.13,0.31,0.81,9.83,4.08,4.3346774193548265,0.5359275819727616,-3.195743739887459
198406,0.0491439661745338,0.0972482151521452,1.82,0.11,-2.66,0.96,9.87,3.9700000000000006,4.325955734406439,0.3564275208608913,-3.526010945543815
198407,0.0491439661745338,0.0972482151521452,-2.74,-2.22,0.36,-1.45,10.12,2.790000000000001,4.308617234468937,0.2782007353631543,-2.8837598354422025
198408,0.0491439661745338,0.0972482151521452,10.28,-0.26,-1.82,7.29,10.47,2.3199999999999985,4.295704295704317,0.1204456489009464,-3.4831012081199084
198409,0.0491439661745338,0.0972482151521452,-0.8,-0.03,5.28,4.28,10.37,2.1000000000000014,4.2828685258964105,-0.2796625710618117,-3.325839443081545
198410,0.0491439661745338,0.0972482151521452,-0.84,-1.44,0.45,-1.21,9.74,2.049999999999999,4.265873015873023,-0.0454231989333697,-3.442306830310713
198411,0.0491439661745338,0.0972482151521452,-1.76,-1.02,4.06,-0.67,8.61,2.9700000000000006,4.154302670623156,0.334113421939608,-3.3668562829433846
198412,0.0491439661745338,0.0972482151521452,1.84,-0.65,-0.26,0.8,8.06,3.49,4.043392504930954,0.0484098110550501,-3.2081661938118287
198501,0.0452551235050183,0.1000060099765611,7.99,3.51,-5.35,2.32,7.76,3.41,3.52595494613126,-0.0487529508365058,-3.601057616889049
198502,0.0452551235050183,0.1000060099765611,1.22,1.04,-0.1,2.5,8.27,3.640000000000001,3.606237816764146,0.307513450275243,-3.5632388239612873
198503,0.0452551235050183,0.1000060099765611,-0.84,-1.39,4.07,-1.37,8.52,3.130000000000001,3.790087463556846,0.1316224847765612,-3.8422736858505835
198504,0.0452551235050183,0.1000060099765611,-0.96,-0.1,3.72,-2.46,7.95,3.46,3.581800580832528,-0.1966264954658902,-3.544721608668817
198505,0.0452551235050183,0.1000060099765611,5.09,-2.31,-0.96,-0.54,7.48,2.799999999999999,3.5748792270531515,0.1481719965902073,-3.6034037758456394
198506,0.0452551235050183,0.1000060099765611,1.27,0.35,0.38,-0.67,6.95,3.3,3.6644165863066513,-0.0476736709822622,-3.619084593624858
198507,0.0452551235050183,0.1000060099765611,-0.74,2.87,-1.62,3.62,7.08,3.49,3.458213256484166,-0.5171679662872242,-3.685137187050875
198508,0.0452551235050183,0.1000060099765611,-1.02,-0.29,2.32,1.77,7.14,3.14,3.3524904214559337,0.3323040297144919,-3.525903883560297
198509,0.0452551235050183,0.1000060099765611,-4.54,-1.8,1.29,-1.85,7.1,3.210000000000001,3.2473734479465,0.3680038081986136,-3.5000642202610672
198510,0.0452551235050183,0.1000060099765611,4.02,-1.5,0.75,0.66,7.16,2.85,3.2350142721217834,-0.3458591754833984,-3.483978022195184
198511,0.0452551235050183,0.1000060099765611,6.48,0.02,-2.85,2.41,7.24,2.35,3.51377018043686,0.3426663542642982,-3.350339944687079
198512,0.0452551235050183,0.1000060099765611,3.88,-0.41,-1.54,-0.34,7.1,1.9000000000000004,3.791469194312791,0.9887335454306756,-3.1276738074081596
198601,0.0460346133675193,0.0851348988986655,0.65,1.01,0.44,0.84,7.07,2.01,3.973509933774833,0.5265572728126555,-3.4111130246197674
198602,0.0460346133675193,0.0851348988986655,7.13,-0.71,-0.72,-1.69,7.06,1.0700000000000012,3.19849482596426,-0.6848022770439388,-3.295111211683605
198603,0.0460346133675193,0.0851348988986655,4.88,-0.66,-0.39,-0.07,6.56,0.8300000000000001,2.153558052434445,-0.7005608829383059,-3.0040111819814257
198604,0.0460346133675193,0.0851348988986655,-1.31,2.84,-2.87,2.82,6.06,1.3200000000000005,1.5887850467289688,0.1144256488371464,-3.296497491142449
198605,0.0460346133675193,0.0851348988986655,4.62,-1.29,-0.21,1.05,6.15,1.9000000000000004,1.679104477611948,0.196376051949576,-3.2199655173512403
198606,0.0460346133675193,0.0851348988986655,1.03,-0.89,1.28,-2.48,6.21,1.1399999999999997,1.7674418604651132,-0.3932538349060377,-3.0128578155940913
198607,0.0460346133675193,0.0851348988986655,-6.45,-3.46,4.7,-2.86,5.83,1.5099999999999998,1.671309192200554,0.610171964184758,-3.338089972563809
198608,0.0460346133675193,0.0851348988986655,6.07,-4.35,3.51,1.14,5.53,1.42,1.575532900834098,-0.1674774702926873,-2.735457460053072
198609,0.0460346133675193,0.0851348988986655,-8.6,2.05,3.22,-0.31,5.21,2.24,1.757631822386685,0.2768740286714255,-3.4586029081475482
198610,0.0460346133675193,0.0851348988986655,4.66,-2.33,-1.42,3.58,5.18,2.16,1.5668202764977046,0.4214970750493041,-3.1795692903643937
198611,0.0460346133675193,0.0851348988986655,1.17,-1.88,-0.07,0.71,5.35,1.8000000000000007,1.2844036697247765,0.3982727690684973,-3.337393438019072
198612,0.0460346133675193,0.0851348988986655,-3.27,0.12,0.36,0.61,5.53,1.7000000000000002,1.187214611872145,0.9456697805888092,-3.000105566988798
198701,0.0397713626975359,0.0695518516739516,12.47,-1.54,-3.16,0.31,5.43,1.75,1.364877161055511,-0.3750088948978991,-3.281285290106352
198702,0.0397713626975359,0.0695518516739516,4.39,3.4,-5.91,-1.11,5.59,1.6000000000000003,1.914311759343668,1.3260430133640089,-3.1145832261512294
198703,0.0397713626975359,0.0695518516739516,1.64,0.28,1.61,1.81,5.59,1.92,2.8414298808432603,0.140455873593237,-2.737045102167322
198704,0.0397713626975359,0.0695518516739516,-2.11,-1.54,-0.39,-1.9,5.64,2.570000000000001,3.679852805887762,0.6544827404154852,-2.9978907136053965
198705,0.0397713626975359,0.0695518516739516,0.11,-0.56,0.23,-0.3,5.66,2.83,3.669724770642202,0.6196302499851258,-3.4198523000832823
198706,0.0397713626975359,0.0695518516739516,3.94,-2.21,1.04,0.01,5.67,2.710000000000001,3.7477148080438782,0.5395327177505571,-3.554642119782903
198707,0.0397713626975359,0.0695518516739516,3.85,-1.14,0.68,-0.22,5.69,2.97,3.926940639269394,0.6736916331232301,-3.166661300202368
198708,0.0397713626975359,0.0695518516739516,3.52,-0.94,-0.93,2.45,6.04,2.96,4.2883211678832245,0.753303427805263,-2.988815096240729
198709,0.0397713626975359,0.0695518516739516,-2.59,0.38,0.27,-0.4,6.4,3.2300000000000004,4.2727272727272725,0.383036655994573,-1.322924222797642
198710,0.0397713626975359,0.0695518516739516,-23.24,-8.07,4.24,-0.13,6.13,2.750000000000001,4.355716878402904,1.34875249729689,-2.496487075861814
198711,0.0397713626975359,0.0695518516739516,-7.77,2.85,2.95,-0.87,5.69,3.3,4.528985507246386,0.4922263738877275,-2.491593174768243
198712,0.0397713626975359,0.0695518516739516,6.81,0.06,-4.43,5.8,5.77,3.0600000000000005,4.332129963898912,0.5523130818536615,-2.3465901974904613
198801,0.0333068693055083,0.0661600695625874,4.21,-0.51,5.01,7.91,5.81,2.45,4.129263913824044,-0.0248617685667529,-3.11553359680306
198802,0.0333068693055083,0.0661600695625874,4.75,3.32,-1.71,4.36,5.66,2.5,3.935599284436497,0.5011721094322352,-3.200710171646986
198803,0.0333068693055083,0.0661600695625874,-2.27,6.25,0.73,-0.84,5.7,2.87,3.832442067736186,0.2279741805218949,-2.8326609719881826
198804,0.0333068693055083,0.0661600695625874,0.56,1.16,1.67,0.23,5.91,2.959999999999999,3.9929015084294575,0.5847683721450947,-2.9847006413863886
198805,0.0333068693055083,0.0661600695625874,-0.29,-2.56,2.42,0.65,6.26,2.9399999999999995,3.9823008849557473,-0.1950440485384841,-3.0242708856866165
198806,0.0333068693055083,0.0661600695625874,4.79,2.16,-1.24,1.87,6.46,2.3600000000000003,3.96475770925111,0.2860880856198511,-3.130164795686265
198807,0.0333068693055083,0.0661600695625874,-1.25,-0.21,2.22,3.36,6.73,2.389999999999999,4.130052724077338,0.0085009408252734,-3.289110765493429
198808,0.0333068693055083,0.0661600695625874,-3.31,-0.03,2.15,-1.93,7.06,2.1900000000000004,4.111986001749779,0.5070707103730587,-3.3657520241148258
198809,0.0333068693055083,0.0661600695625874,3.3,-1.36,-0.75,-0.12,7.24,1.629999999999999,4.184829991281602,-0.3264205474171833,-3.2091150819610457
198810,0.0333068693055083,0.0661600695625874,1.15,-2.95,2.05,-1.0,7.35,1.3000000000000007,4.260869565217407,0.448890745442565,-3.3045684934914004
198811,0.0333068693055083,0.0661600695625874,-2.29,-1.65,1.41,-0.67,7.76,1.3000000000000007,4.246100519930662,0.2490273637700157,-3.6872219151948253
198812,0.0333068693055083,0.0661600695625874,1.49,2.01,-1.69,2.29,8.07,1.0700000000000005,4.41176470588236,0.4626268780544729,-3.4718301451199856
198901,0.0389252634940913,0.0948179495368891,6.1,-2.31,0.6,0.97,8.27,0.7400000000000002,4.482758620689653,0.2912983097923538,-3.3727849388974054
198902,0.0389252634940913,0.0948179495368891,-2.25,2.71,1.01,1.07,8.53,0.7900000000000009,4.647160068846801,-0.4366432986109392,-3.3279343547640092
198903,0.0389252634940913,0.0948179495368891,1.57,0.68,0.58,-0.89,8.82,0.4800000000000004,4.892703862660941,0.2452049351127527,-3.4765958902721277
198904,0.0389252634940913,0.0948179495368891,4.33,-0.78,-1.42,-0.65,8.65,0.3699999999999992,5.034129692832767,-0.0270709258256562,-3.4186232980544986
198905,0.0389252634940913,0.0948179495368891,3.35,-0.01,-0.88,-2.74,8.43,0.1699999999999999,5.276595744680845,-0.5602620143643655,-3.275205156714183
198906,0.0389252634940913,0.0948179495368891,-1.35,-1.09,2.25,2.3,8.15,-0.0500000000000007,5.16949152542372,-0.005348911091374,-3.4445536581964498
198907,0.0389252634940913,0.0948179495368891,7.2,-4.15,-2.79,1.43,7.88,-0.0599999999999996,5.063291139240511,-0.962369208075664,-3.292674403496281
198908,0.0389252634940913,0.0948179495368891,1.44,0.48,0.6,1.85,7.9,0.3599999999999994,4.621848739495804,0.977285597844757,-3.752622064698634
198909,0.0389252634940913,0.0948179495368891,-0.76,0.49,-1.27,1.17,7.75,0.5600000000000005,4.435146443514637,-0.342005579067306,-2.5906692759012633
198910,0.0389252634940913,0.0948179495368891,-3.67,-3.3,-1.11,-4.32,7.64,0.2800000000000002,4.587155963302747,-0.1193808460426271,-3.53820035545236
198911,0.0389252634940913,0.0948179495368891,1.03,-1.29,-1.09,-1.75,7.69,0.1499999999999994,4.655029093931851,0.3365873914070061,-3.489860439075056
198912,0.0389252634940913,0.0948179495368891,1.16,-2.27,0.16,-2.56,7.63,0.2999999999999998,4.639602319801162,0.562018397460462,-2.9228955781693986
199001,0.0387512701026593,0.0801303388108335,-7.85,-1.31,0.85,1.02,7.64,0.79,5.198019801980203,-0.515626134740621,-3.449604373307192
199002,0.0387512701026593,0.0801303388108335,1.11,1.17,0.64,0.49,7.74,0.7699999999999996,5.263157894736836,0.9194731036272774,-3.4380100777224407
199003,0.0387512701026593,0.0801303388108335,1.83,1.62,-2.92,0.17,7.9,0.75,5.237315875613735,0.4758016292990996,-3.470769366776666
199004,0.0387512701026593,0.0801303388108335,-3.36,-0.33,-2.59,-1.82,7.77,1.2699999999999996,4.711616571892785,-0.2353343956177589,-3.2996034211430767
199005,0.0387512701026593,0.0801303388108335,8.42,-2.35,-3.83,-0.35,7.74,0.8599999999999994,4.365400161681476,0.3009956750914533,-3.3035195186974713
199006,0.0387512701026593,0.0801303388108335,-1.09,1.35,-1.93,-0.22,7.73,0.6999999999999993,4.673650282030639,0.3304693720282525,-3.3232962005175475
199007,0.0387512701026593,0.0801303388108335,-1.9,-3.16,-0.03,-0.68,7.62,0.7399999999999993,4.819277108433728,-0.1663636320176631,-2.5725582818516
199008,0.0387512701026593,0.0801303388108335,-10.15,-3.87,1.64,-3.65,7.45,1.4099999999999993,5.702811244979911,0.3613744359510118,-3.1111196286307283
199009,0.0387512701026593,0.0801303388108335,-6.12,-3.74,0.64,-5.98,7.36,1.46,6.169871794871806,0.0316495456938348,-2.702642523321496
199010,0.0387512701026593,0.0801303388108335,-1.92,-5.12,0.1,-2.68,7.17,1.4800000000000004,6.379585326953752,-0.620071228694985,-3.0079009722991636
199011,0.0387512701026593,0.0801303388108335,6.35,0.07,-3.1,5.85,7.06,1.2000000000000002,6.195393169181873,-1.2461203724442482,-3.568837303437491
199012,0.0387512701026593,0.0801303388108335,2.46,0.67,-1.7,-3.01,6.74,1.34,6.254948535233562,-0.7017987237372236,-2.8733109473858174
199101,0.0355619613495308,0.0627702444333323,4.69,3.91,-1.6,-1.93,6.22,1.81,5.647058823529405,-0.3276019310241351,-3.0096554447661985
199102,0.0355619613495308,0.0627702444333323,7.19,3.94,-0.58,1.93,5.94,2.079999999999999,5.312500000000009,-0.7216854276505869,-3.294629903382407
199103,0.0355619613495308,0.0627702444333323,2.65,3.83,-1.39,0.52,5.91,2.140000000000001,4.821150855365497,-0.5693115830917916,-3.089491253110418
199104,0.0355619613495308,0.0627702444333323,-0.28,0.31,1.5,1.57,5.65,2.369999999999999,4.809930178432875,0.2634856044664957,-3.223138906580853
199105,0.0355619613495308,0.0627702444333323,3.65,0.14,-0.52,0.08,5.46,2.6000000000000005,5.034856700232382,0.9944464474132442,-3.371167542693969
199106,0.0355619613495308,0.0627702444333323,-4.94,0.24,1.15,2.06,5.57,2.67,4.695919938414161,0.8089462247265811,-3.403804326675663
199107,0.0355619613495308,0.0627702444333323,4.24,-0.96,-1.32,2.13,5.58,2.619999999999999,4.367816091954024,0.2629907522770036,-3.0979821093000948
199108,0.0355619613495308,0.0627702444333323,2.32,1.4,-0.78,-2.92,5.33,2.49,3.7993920972644313,0.0210618408048812,-3.826417948494048
199109,0.0355619613495308,0.0627702444333323,-1.59,1.56,-1.08,-0.76,5.22,2.25,3.396226415094339,0.826746144874968,-3.394750208301873
199110,0.0355619613495308,0.0627702444333323,1.29,0.91,-0.47,-1.18,4.99,2.4799999999999995,2.8485757121439192,-0.1026565391733513,-3.095233423921817
199111,0.0355619613495308,0.0627702444333323,-4.19,-0.83,-1.89,-0.4,4.56,2.8200000000000003,3.0665669409125185,-0.1354078719897011,-3.0950673353197473
199112,0.0355619613495308,0.0627702444333323,10.84,-2.4,-4.17,1.06,4.07,2.64,2.980625931445613,-0.4629756370142179,-3.522194048788982
199201,0.0374807987711213,0.0490629800307219,-0.59,9.18,4.71,5.22,3.8,3.51,2.672605790645899,-0.5193267196023976,-3.4985836184733405
199202,0.0374807987711213,0.0490629800307219,1.09,1.33,6.47,-2.9,3.84,3.43,2.818991097922829,0.7157284622815618,-3.8316484144554606
199203,0.0374807987711213,0.0490629800307219,-2.66,-0.93,3.56,-1.09,4.04,3.5,3.189910979228472,0.8382057778229868,-3.2007618709450267
199204,0.0374807987711213,0.0490629800307219,1.07,-5.7,4.34,-3.38,3.75,3.86,3.182827535159149,0.7721500744607646,-3.639389645988342
199205,0.0374807987711213,0.0490629800307219,0.3,0.21,1.19,-0.16,3.63,3.7,3.023598820059004,0.3252758568087044,-3.5957357023191503
199206,0.0374807987711213,0.0490629800307219,-2.34,-2.73,3.24,0.91,3.66,3.4799999999999995,3.0147058823529305,0.0597124615314026,-3.5077339904715297
199207,0.0374807987711213,0.0490629800307219,3.77,-0.62,-0.56,2.12,3.21,3.51,3.1571218795888534,0.8978434029404792,-3.9521085964011182
199208,0.0374807987711213,0.0490629800307219,-2.38,-0.42,-1.1,-1.56,3.13,3.49,3.074670571010252,-0.5476868818715785,-3.522222064157359
199209,0.0374807987711213,0.0490629800307219,1.19,0.48,-0.26,-1.12,2.91,3.46,2.9927007299270114,0.3170762102925106,-3.4826160557684926
199210,0.0374807987711213,0.0490629800307219,1.02,2.07,-1.98,-0.2,2.86,3.94,3.279883381924198,0.6848270320335414,-3.7924185848578613
199211,0.0374807987711213,0.0490629800307219,4.13,3.94,-1.35,-1.04,3.13,3.82,3.12046444121914,0.382643897532664,-3.829739777692059
199212,0.0374807987711213,0.0490629800307219,1.53,1.68,2.62,1.23,3.22,3.48,2.966714905933454,0.1456283489852605,-3.9804312375199458
199301,0.0297779273216689,0.0458805998846375,0.93,1.93,5.94,-0.45,3.0,3.39,3.2537960954446943,0.4020706326864243,-3.385140292281768
199302,0.0297779273216689,0.0458805998846375,0.12,-3.45,6.42,-1.49,2.93,3.1,3.2467532467532534,0.4694733975390441,-3.451520296001187
199303,0.0297779273216689,0.0458805998846375,2.3,0.09,1.18,-0.95,2.95,3.08,3.0194104960460155,-0.0877881994178264,-3.451491816796892
199304,0.0297779273216689,0.0458805998846375,-3.05,-0.85,2.49,-1.71,2.87,3.18,3.1563845050215145,0.2914971019854384,-3.5547484633674094
199305,0.0297779273216689,0.0458805998846375,2.89,1.9,-3.42,1.49,2.96,3.2,3.2211882605583497,-0.3853300974007378,-3.731569445955903
199306,0.0297779273216689,0.0458805998846375,0.31,0.13,2.75,2.24,3.07,2.73,2.9978586723768963,0.2235752286669834,-3.7016509527856547
199307,0.0297779273216689,0.0458805998846375,-0.34,0.95,2.85,-2.69,3.04,2.79,2.8469750889679624,0.253251081897865,-4.087569581786972
199308,0.0297779273216689,0.0458805998846375,3.71,0.1,0.13,1.28,3.02,2.43,2.840909090909083,-0.1081084401364784,-3.8306722588361812
199309,0.0297779273216689,0.0458805998846375,-0.12,2.98,-0.31,0.69,2.95,2.45,2.763997165131116,0.5208349346804031,-4.03304227910235
199310,0.0297779273216689,0.0458805998846375,1.41,1.89,-2.76,1.9,3.02,2.41,2.752293577981657,0.7371360581878594,-3.729395444983582
199311,0.0297779273216689,0.0458805998846375,-1.89,-1.27,-0.74,-1.39,3.1,2.73,2.744546094299793,0.4671308118086692,-4.109130998095904
199312,0.0297779273216689,0.0458805998846375,1.65,1.4,0.32,1.07,3.06,2.77,2.8109627547435068,0.5776852997753101,-3.8834933507870146
199401,0.0289042575190129,0.0502952461916687,2.87,-0.06,1.15,1.69,2.98,2.72,2.450980392156854,0.3185086583273433,-3.4409007070652775
199402,0.0289042575190129,0.0502952461916687,-2.55,2.67,-1.54,0.36,3.25,2.9000000000000004,2.515723270440251,0.0518179721500811,-3.5109639969618707
199403,0.0289042575190129,0.0502952461916687,-4.78,-1.04,1.6,0.09,3.5,3.27,2.6517794836008246,1.0124717843093878,-3.29513601423461
199404,0.0289042575190129,0.0502952461916687,0.68,-1.01,1.66,-0.38,3.68,3.3799999999999994,2.364394993045882,0.5837008322071346,-3.5973301020244426
199405,0.0289042575190129,0.0502952461916687,0.58,-2.56,0.67,0.06,4.14,3.03,2.288488210818307,0.4699670433769398,-3.567175530772248
199406,0.0289042575190129,0.0502952461916687,-3.03,-0.5,1.67,0.15,4.14,3.2,2.494802494802495,0.6693931177882639,-4.011749337203635
199407,0.0289042575190129,0.0502952461916687,2.82,-1.85,0.58,1.44,4.33,2.79,2.69896193771626,0.120461570282826,-3.744579242537138
199408,0.0289042575190129,0.0502952461916687,4.01,1.37,-2.51,1.44,4.48,2.71,2.900552486187835,0.6693794891416971,-3.563640454569906
199409,0.0289042575190129,0.0502952461916687,-2.31,2.8,-1.89,-0.77,4.62,3.0,2.965517241379323,0.2981412059183119,-3.3804488969017563
199410,0.0289042575190129,0.0502952461916687,1.34,-2.3,-1.62,-0.22,4.95,2.8599999999999994,2.609890109890123,0.8174151353641079,-3.543464149711401
199411,0.0289042575190129,0.0502952461916687,-4.04,0.07,-0.7,-2.01,5.29,2.62,2.602739726027403,0.6684388800754837,-3.628445811959467
199412,0.0289042575190129,0.0502952461916687,0.86,0.0,-0.13,0.81,5.6,2.24,2.597402597402576,1.0003307934641992,-4.073892562421113
199501,0.027844140468086,0.0646948138438444,1.8,-3.06,2.57,4.0,5.71,1.89,2.8708133971291794,0.1896226242702914,-3.836367837258444
199502,0.027844140468086,0.0646948138438444,3.63,-0.54,1.08,2.39,5.77,1.4500000000000002,2.862985685071595,-0.1203767877636652,-3.81639561871116
199503,0.027844140468086,0.0646948138438444,2.19,-0.51,-2.15,-0.04,5.73,1.4699999999999998,2.7872195785180187,0.1386422888479455,-4.133369993200157
199504,0.027844140468086,0.0646948138438444,2.11,-0.22,1.71,-0.52,5.65,1.42,3.125000000000022,-0.1778673036971989,-3.448188488967962
199505,0.027844140468086,0.0646948138438444,2.9,-2.19,2.29,-0.46,5.67,0.6299999999999999,3.1186440677966054,0.4807320730218167,-3.6345332214002837
199506,0.027844140468086,0.0646948138438444,2.72,3.06,-2.54,1.23,5.47,0.7400000000000002,3.0425963488843744,0.3336857591980324,-3.582470442736896
199507,0.027844140468086,0.0646948138438444,3.72,2.09,-1.62,-2.12,5.42,1.0300000000000002,2.830188679245272,-0.4141170567163343,-4.242048823561467
199508,0.027844140468086,0.0646948138438444,0.55,1.75,2.79,1.28,5.4,0.8799999999999999,2.617449664429538,1.307422819224047,-3.93576089190559
199509,0.027844140468086,0.0646948138438444,3.35,-1.88,-0.04,-0.89,5.28,0.8899999999999997,2.54521098459477,0.3869853550704683,-3.8134458543073446
199510,0.027844140468086,0.0646948138438444,-1.52,-4.04,-0.5,-1.02,5.28,0.75,2.7443105756358666,-0.161436606886034,-3.756294991533248
199511,0.027844140468086,0.0646948138438444,3.96,-1.07,0.51,0.6,5.36,0.3999999999999994,2.603471295060067,0.2412368973902179,-3.5527750190167806
199512,0.027844140468086,0.0646948138438444,1.03,0.72,0.22,-0.98,5.14,0.4400000000000004,2.5316455696202667,0.3429696717997643,-3.291351304604025
199601,0.0296399785061794,0.0729930145083288,2.26,-2.56,0.38,1.0,5.0,0.5999999999999996,2.7906976744185963,-0.521604227652972,-3.335143087903213
199602,0.0296399785061794,0.0729930145083288,1.33,1.77,-1.08,2.17,4.83,1.2999999999999998,2.717031146454607,1.4497166143613294,-3.1764410415857496
199603,0.0296399785061794,0.0729930145083288,0.73,1.61,0.35,-0.11,4.96,1.38,2.8439153439153486,-0.1611919786960514,-3.463042406854328
199604,0.0296399785061794,0.0729930145083288,2.06,4.71,-4.02,0.69,4.95,1.71,2.832674571805005,1.0149591540828284,-3.394856162512051
199605,0.0296399785061794,0.0729930145083288,2.36,3.21,-0.83,-1.07,5.02,1.83,2.827087442472065,0.738018807966978,-3.9185620454366887
199606,0.0296399785061794,0.0729930145083288,-1.14,-3.65,2.35,-0.18,5.09,1.6400000000000006,2.8215223097112663,0.7530625747682596,-3.0255744535722022
199607,0.0296399785061794,0.0729930145083288,-5.97,-3.81,5.14,-2.44,5.15,1.6499999999999997,2.8833551769331667,-0.003316621980709,-3.3965354178224456
199608,0.0296399785061794,0.0729930145083288,2.77,2.57,-0.74,2.55,5.05,1.91,2.8122956180510084,0.5060006315057652,-3.6419274163372974
199609,0.0296399785061794,0.0729930145083288,5.01,-1.39,-2.72,0.54,5.09,1.63,3.004572175048992,0.625158401622028,-3.7045230142140113
199610,0.0296399785061794,0.0729930145083288,0.86,-3.77,4.94,-1.12,4.99,1.38,3.0618892508143203,-0.0145611199731332,-3.6295530326183587
199611,0.0296399785061794,0.0729930145083288,6.25,-3.8,1.39,0.21,5.03,1.0299999999999994,3.253090435914108,0.8853400647867327,-3.185897774270852
199612,0.0296399785061794,0.0729930145083288,-1.7,3.25,1.31,0.64,4.91,1.5199999999999996,3.378817413905133,0.6229346594862184,-3.3001066583069973
199701,0.0242505126786237,0.0630350574525568,4.99,-1.82,-1.42,2.62,5.03,1.5,3.0381383322559907,0.1818461454950126,-3.2602050996348835
199702,0.0242505126786237,0.0630350574525568,-0.49,-2.59,5.67,1.25,5.01,1.5499999999999998,3.032258064516125,1.1750165776932553,-3.106938289517331
199703,0.0242505126786237,0.0630350574525568,-5.03,-0.43,3.39,0.88,5.14,1.7800000000000002,2.7652733118971096,0.64010527309033,-2.903725220590473
199704,0.0242505126786237,0.0630350574525568,4.04,-5.7,0.07,2.43,5.16,1.5599999999999996,2.434336963484962,0.0833685981659115,-3.104702855002214
199705,0.0242505126786237,0.0630350574525568,6.74,4.75,-4.13,2.87,5.05,1.62,2.237851662404089,0.5680293294038519,-3.1138231681204984
199706,0.0242505126786237,0.0630350574525568,4.1,1.19,1.58,0.73,4.93,1.58,2.233567326100827,0.4578234692117711,-3.104675990136802
199707,0.0242505126786237,0.0630350574525568,7.33,-2.77,0.26,3.87,5.05,0.9699999999999998,2.165605095541401,0.8460643971289983,-3.0027746114180673
199708,0.0242505126786237,0.0630350574525568,-4.15,7.61,1.18,-0.16,5.14,1.2000000000000002,2.290076335877877,1.0017395626242376,-2.971064631011621
199709,0.0242505126786237,0.0630350574525568,5.35,2.49,0.37,1.7,4.95,1.17,2.21940393151554,0.9248802379739685,-2.335594149604878
199710,0.0242505126786237,0.0630350574525568,-3.8,-0.52,2.27,-0.96,4.97,0.8700000000000001,2.0859671302149163,0.8870279626514543,-2.9643176217887297
199711,0.0242505126786237,0.0630350574525568,2.98,-5.1,1.19,-2.01,5.14,0.7200000000000006,1.8903591682419616,0.8051644582236506,-3.0485894785310186
199712,0.0242505126786237,0.0630350574525568,1.32,-2.04,3.84,-2.91,5.16,0.5899999999999999,1.6970458830924071,0.4201020949970102,-3.001937204877536
199801,0.0202291769987731,0.0518388974445981,0.15,-1.36,-1.63,5.02,5.04,0.4900000000000002,1.6311166875784044,0.4571354911401704,-3.4278558133599564
199802,0.0202291769987731,0.0518388974445981,7.04,0.2,-0.85,1.92,5.09,0.5300000000000002,1.440200375704448,0.1653882346231761,-3.390439245410769
199803,0.0202291769987731,0.0518388974445981,4.76,-0.65,1.39,1.84,5.03,0.6399999999999997,1.3767209011263937,0.0436511325571098,-3.214335450029867
199804,0.0202291769987731,0.0518388974445981,0.73,-0.01,0.94,1.7,4.95,0.7299999999999995,1.4383989993745905,0.3375558443283077,-3.4747966305819324
199805,0.0202291769987731,0.0518388974445981,-3.07,-2.93,3.4,0.74,5.0,0.5599999999999996,1.6885553470919357,0.658896820491961,-3.083459966571509
199806,0.0202291769987731,0.0518388974445981,3.18,-3.65,-1.97,-1.44,4.98,0.4599999999999999,1.6229712858926382,-0.5904871695238234,-3.0531301959757364
199807,0.0202291769987731,0.0518388974445981,-2.46,-5.27,-1.78,-2.02,4.96,0.54,1.74563591022443,-0.3969017806848884,-2.3371570803011186
199808,0.0202291769987731,0.0518388974445981,-16.08,-5.18,3.53,-2.66,4.9,0.1499999999999994,1.6169154228855789,2.062723487399332,-2.3039480250082476
199809,0.0202291769987731,0.0518388974445981,6.15,-0.77,-3.42,2.75,4.61,-0.1699999999999999,1.4267990074441794,-0.1046644812196295,-2.6323581969644745
199810,0.0202291769987731,0.0518388974445981,7.13,-3.43,-2.23,9.85,3.96,0.6799999999999997,1.4860681114551078,0.7002773433184561,-3.122877874609131
199811,0.0202291769987731,0.0518388974445981,6.1,0.74,-3.25,1.32,4.41,0.33,1.4842300556586308,-0.0985025988288312,-2.858905155152919
199812,0.0202291769987731,0.0518388974445981,6.16,-1.57,-4.19,-1.63,4.39,0.2600000000000007,1.606922126081578,0.4038774080641349,-2.851548611716609
199901,0.0168161434977578,0.0391442451420029,3.5,-0.74,-4.6,-2.32,4.34,0.3200000000000003,1.6666666666666607,0.42239997789566,-2.8300525790171007
199902,0.0168161434977578,0.0391442451420029,-4.08,-5.23,1.92,2.46,4.44,0.8499999999999996,1.6666666666666607,0.5719513411450716,-2.870182774749022
199903,0.0168161434977578,0.0391442451420029,3.45,-4.23,-2.74,0.21,4.44,0.8099999999999996,1.728395061728394,0.2207996206395668,-2.9523797089535053
199904,0.0168161434977578,0.0391442451420029,4.33,4.53,2.46,2.37,4.29,1.0700000000000005,2.281134401972884,0.2217917818751802,-2.8904972594409366
199905,0.0168161434977578,0.0391442451420029,-2.46,3.71,2.35,1.21,4.5,1.1399999999999997,2.091020910209096,0.6129469002545518,-3.0142208706058224
199906,0.0168161434977578,0.0391442451420029,4.77,2.29,-3.19,1.7,4.57,1.239999999999999,1.96560196560196,-0.0672265874385624,-3.215394448427918
199907,0.0168161434977578,0.0391442451420029,-3.49,2.57,-0.44,1.54,4.55,1.37,2.1446078431372584,0.5956264292438451,-2.9517539161263797
199908,0.0168161434977578,0.0391442451420029,-1.38,-1.73,-1.87,-3.39,4.72,1.260000000000001,2.2643818849449104,0.4354631494499106,-2.956336790254183
199909,0.0168161434977578,0.0391442451420029,-2.79,2.59,-3.5,-0.61,4.68,1.2200000000000006,2.629969418960254,-0.4194987018442342,-2.661717394280363
199910,0.0168161434977578,0.0391442451420029,6.12,-6.91,-3.37,-1.49,4.86,1.1599999999999993,2.56253813300793,1.288030326657763,-3.302248908056168
199911,0.0168161434977578,0.0391442451420029,3.37,5.8,-6.11,0.43,5.07,1.1099999999999994,2.620353443022561,0.530436111744903,-3.384508689981741
199912,0.0168161434977578,0.0391442451420029,7.72,5.39,-8.32,-14.01,5.2,1.25,2.676399026763998,0.8037407272338593,-2.6289435098399156
200001,0.0133651513088879,0.038573956773465,-4.74,4.44,-1.91,2.61,5.32,1.3599999999999994,2.792956891317555,-0.0737764584239575,-2.904549856389668
200002,0.0133651513088879,0.038573956773465,2.45,18.34,-9.7,-13.47,5.55,0.8700000000000001,3.217972070431085,0.3397316491860591,-2.5044182709758513
200003,0.0133651513088879,0.038573956773465,5.2,-15.35,8.17,9.89,5.69,0.3399999999999998,3.762135922330101,0.3898155243814649,-2.4178116678524293
200004,0.0133651513088879,0.038573956773465,-6.4,-5.01,7.26,-2.18,5.66,0.5700000000000003,3.013863773357439,0.6411975681184234,-2.630951776852522
200005,0.0133651513088879,0.038573956773465,-4.42,-3.84,4.81,-8.89,5.79,0.5,3.1325301204819134,0.2738342622982559,-3.02459837171673
200006,0.0133651513088879,0.038573956773465,4.64,9.93,-8.43,12.39,5.69,0.3399999999999998,3.7349397590361377,0.0753193540612207,-3.091208012841074
200007,0.0133651513088879,0.038573956773465,-2.51,-1.03,8.3,6.51,5.96,0.08,3.5992801439711952,-0.1739642781880213,-3.434625082268817
200008,0.0133651513088879,0.038573956773465,7.03,-1.04,-1.38,0.54,6.09,-0.3599999999999994,3.3512866546977715,-0.2677557843219547,-3.2188756904267515
200009,0.0133651513088879,0.038573956773465,-5.45,0.19,7.17,2.64,6.0,-0.2000000000000001,3.45649582836709,0.3975282189958129,-2.5953406392359204
200010,0.0133651513088879,0.038573956773465,-2.76,-2.64,5.7,-4.8,6.11,-0.3400000000000007,3.450327186198688,-0.3479792998032582,-2.861113003819761
200011,0.0133651513088879,0.038573956773465,-10.72,-0.6,12.32,-14.63,6.17,-0.6899999999999995,3.444180522565321,0.0215885269932103,-2.620146801189269
200012,0.0133651513088879,0.038573956773465,1.19,3.26,7.61,-6.88,5.77,-0.6499999999999995,3.4360189573459543,-0.3409171848593462,-2.65553506672091
200101,0.0114128185523186,0.0350731977637329,3.13,5.5,-5.09,16.21,5.15,0.04,3.7212049616065945,-0.493362455723545,-2.9900819454231935
200102,0.0114128185523186,0.0350731977637329,-10.05,2.82,12.48,12.19,4.88,0.04,3.529411764705892,-0.6516465829363938,-2.471048876898294
200103,0.0114128185523186,0.0350731977637329,-7.26,2.33,6.42,-7.54,4.42,0.5099999999999998,2.9824561403508643,-0.2616892043618479,-2.451389727857962
200104,0.0114128185523186,0.0350731977637329,7.94,-0.86,-4.68,9.87,3.87,1.4799999999999995,3.2182562902282053,-0.3550694873073357,-2.9885358092138605
200105,0.0114128185523186,0.0350731977637329,0.72,3.59,3.38,3.8,3.62,1.81,3.56308411214954,-0.5197879846973286,-3.2483356570561055
200106,0.0114128185523186,0.0350731977637329,-1.94,6.57,-1.13,0.6,3.49,1.93,3.193960511033689,-0.542889969498439,-2.9214411428636957
200107,0.0114128185523186,0.0350731977637329,-2.13,-2.83,5.21,1.38,3.51,1.5600000000000005,2.7214823393167498,-0.6034464512291282,-3.0548698282694495
200108,0.0114128185523186,0.0350731977637329,-6.46,2.71,2.3,-3.9,3.36,1.4899999999999998,2.7214823393167498,-0.1046780086521925,-2.469092602129298
200109,0.0114128185523186,0.0350731977637329,-9.25,-5.73,1.45,-4.96,2.64,1.9599999999999995,2.5921658986175045,-0.5213580665211048,-2.8645844191064995
200110,0.0114128185523186,0.0350731977637329,2.46,5.28,-7.66,14.84,2.16,2.14,2.127659574468077,-0.3104844030365039,-3.0620739289960994
200111,0.0114128185523186,0.0350731977637329,7.54,-0.31,2.22,-3.13,1.87,2.91,1.894374282433997,-0.5828542208284437,-3.1605528089719166
200112,0.0114128185523186,0.0350731977637329,1.6,5.16,0.85,1.68,1.69,3.3800000000000003,1.603665521191311,-0.048931807267849,-3.063325930183056
200201,0.011784700852781,0.0184856584533141,-1.44,1.26,3.44,2.13,1.65,3.4200000000000004,1.1958997722095743,0.7196497044438033,-2.982343895956925
200202,0.011784700852781,0.0184856584533141,-2.29,-0.36,2.16,0.05,1.72,3.16,1.1363636363636465,-0.0004521485534092,-3.1036127072571857
200203,0.011784700852781,0.0184856584533141,4.24,4.25,1.06,2.75,1.79,3.63,1.362862010221466,0.742318243937512,-3.0331413413677004
200204,0.011784700852781,0.0184856584533141,-5.2,6.72,3.88,2.11,1.71,3.4000000000000004,1.643990929705219,0.4829291718841944,-2.7481882395705868
200205,0.011784700852781,0.0184856584533141,-1.38,-3.02,1.53,-2.68,1.73,3.35,1.2408347433727984,0.4252221026160852,-2.7986409080435655
200206,0.011784700852781,0.0184856584533141,-7.21,3.89,-0.03,-3.58,1.7,3.16,1.0692177827799745,0.8260502146018256,-2.0882971756053696
200207,0.011784700852781,0.0184856584533141,-8.18,-6.43,-3.85,1.28,1.68,2.83,1.465614430665152,-0.0346284445101319,-2.333113493446986
200208,0.011784700852781,0.0184856584533141,0.5,-1.3,3.29,1.52,1.62,2.52,1.747463359639223,-0.1081134750208212,-2.455408500741216
200209,0.011784700852781,0.0184856584533141,-10.35,3.07,1.47,-1.77,1.63,2.0,1.516002245929271,0.1000579806178958,-2.228778371968266
200210,0.011784700852781,0.0184856584533141,7.84,-4.3,-3.94,7.39,1.58,2.35,2.027027027027017,-0.258169577694145,-2.7075838876861122
200211,0.011784700852781,0.0184856584533141,5.96,2.93,-1.21,0.18,1.23,2.99,2.2535211267605604,0.5468778517788486,-2.9685322233549543
200212,0.011784700852781,0.0184856584533141,-5.76,0.62,2.14,10.74,1.19,2.64,2.480270574971821,-0.5605153000324603,-2.6327167695528697
200301,0.0140938949842572,0.0241972969891511,-2.57,0.72,-0.81,0.28,1.17,2.83,2.757456387169399,0.8258748299018626,-2.983070198582569
200302,0.0140938949842572,0.0241972969891511,-1.88,-0.93,-1.38,-0.69,1.17,2.54,3.146067415730336,0.1258565542516576,-2.5467812525284037
200303,0.0140938949842572,0.0241972969891511,1.09,0.67,-1.91,0.03,1.13,2.7,3.025210084033625,-0.2677254406017848,-2.8938838800914084
200304,0.0140938949842572,0.0241972969891511,8.22,1.04,1.17,3.0,1.13,2.76,2.175125488008911,-0.6349038908466387,-3.053254155551189
200305,0.0140938949842572,0.0241972969891511,6.05,4.87,0.5,-1.52,1.07,2.3,1.8941504178273003,-0.0230016996929038,-3.107925774588331
200306,0.0140938949842572,0.0241972969891511,1.42,1.68,0.15,-0.11,0.92,2.62,1.948775055679297,0.1266490648432094,-3.0957663924548044
200307,0.0140938949842572,0.0241972969891511,2.35,4.54,-1.24,2.49,0.9,3.5900000000000003,2.055555555555544,0.5167815929422392,-3.4711454372749864
200308,0.0140938949842572,0.0241972969891511,2.34,2.48,1.54,-1.5,0.95,3.5,2.216066481994461,-0.2239816418579732,-3.1411518075397233
200309,0.0140938949842572,0.0241972969891511,-1.24,0.55,0.15,4.62,0.94,3.02,2.378318584070782,0.6577019754190783,-3.2829297149912438
200310,0.0140938949842572,0.0241972969891511,6.08,2.71,1.97,2.17,0.92,3.41,2.041942604856528,0.1286892843190612,-3.496113261016526
200311,0.0140938949842572,0.0241972969891511,1.35,2.33,1.78,-1.57,0.93,3.41,1.9283746556473915,0.6841492669438898,-3.510025227405575
200312,0.0140938949842572,0.0241972969891511,4.29,-2.49,1.61,1.84,0.9,3.37,2.0352035203520247,0.0496057051988518,-3.464594937848489
200401,0.0194119485622432,0.0544070369708876,2.15,2.45,2.48,2.32,0.88,3.28,2.026286966046009,0.1679465174965866,-3.700411657131006
200402,0.0194119485622432,0.0544070369708876,1.4,-0.93,0.91,1.55,0.93,3.06,1.688453159041381,0.6068647307938102,-3.111979635836412
200403,0.0194119485622432,0.0544070369708876,-1.32,2.1,0.28,-2.16,0.94,2.92,1.7400761283306032,-0.3819682561555737,-3.3499907253237398
200404,0.0194119485622432,0.0544070369708876,-1.83,-2.01,-3.09,-0.2,0.94,3.5900000000000003,2.2925764192139875,0.4075324885850939,-3.465196947843609
200405,0.0194119485622432,0.0544070369708876,1.17,-0.38,-0.24,2.28,1.02,3.64,2.8977583378895444,0.7256516011262537,-3.584059080621492
200406,0.0194119485622432,0.0544070369708876,1.86,2.56,1.19,0.32,1.27,3.35,3.16766794101584,-0.7711804820919821,-3.580115596521262
200407,0.0194119485622432,0.0544070369708876,-4.06,-2.95,3.23,-1.41,1.33,3.17,2.939575394665228,0.7419603907299122,-3.2705652597467916
200408,0.0194119485622432,0.0544070369708876,0.08,-1.16,1.0,-2.39,1.48,2.65,2.5474254742547275,0.0873319501320635,-3.628169226922397
200409,0.0194119485622432,0.0544070369708876,1.6,3.27,-0.01,3.1,1.65,2.49,2.539168017287952,0.1164121974350784,-3.3500612169207136
200410,0.0194119485622432,0.0544070369708876,1.43,0.19,-0.22,0.25,1.76,2.29,3.1909140075716547,0.8803970053913979,-3.5310193165278707
200411,0.0194119485622432,0.0544070369708876,4.54,4.11,1.42,1.53,2.07,2.2900000000000005,3.621621621621607,0.246280154514622,-3.612527076170419
200412,0.0194119485622432,0.0544070369708876,3.43,-0.05,-0.22,0.94,2.19,2.0500000000000003,3.3423180592991875,0.7833333333333359,-3.5522469434123605
200501,0.0171652597746618,0.0516988662451877,-2.76,-1.18,2.06,1.46,2.33,1.81,2.8448738593666034,0.3563855285495743,-3.54437345965914
200502,0.0171652597746618,0.0516988662451877,1.89,-0.3,1.53,-2.45,2.54,1.8200000000000005,3.0530262453133394,0.7076325233539515,-3.5293471482931804
200503,0.0171652597746618,0.0516988662451877,-1.97,-1.42,2.04,0.09,2.74,1.7599999999999998,3.2068412613575736,-0.1289332405428167,-3.1533905060139786
200504,0.0171652597746618,0.0516988662451877,-2.61,-3.98,0.06,-1.84,2.78,1.4300000000000002,3.3617929562433257,0.1979528625394078,-3.5296301472175355
200505,0.0171652597746618,0.0516988662451877,3.65,2.79,-0.64,3.17,2.84,1.16,2.869287991498415,0.1061804031957658,-3.7605792999640517
200506,0.0171652597746618,0.0516988662451877,0.57,3.28,2.82,0.03,2.97,0.9699999999999998,2.541026998411855,0.4323347523947918,-3.6693407337374713
200507,0.0171652597746618,0.0516988662451877,3.92,2.8,-0.78,-0.17,3.22,1.06,3.067160232681121,-0.3196128001580978,-3.634682348756708
200508,0.0171652597746618,0.0516988662451877,-1.22,-0.89,1.32,-1.37,3.44,0.5799999999999996,3.646934460887952,0.3325130655949193,-3.661709297185699
200509,0.0171652597746618,0.0516988662451877,0.49,-0.35,0.72,-3.69,3.42,0.92,4.741833508956805,-1.942562960386085,-3.1550135330408997
200510,0.0171652597746618,0.0516988662451877,-2.02,-1.45,0.43,1.61,3.71,0.8600000000000003,4.350104821802936,1.2232229731644395,-3.762063631370804
200511,0.0171652597746618,0.0516988662451877,3.61,0.85,-1.18,0.1,3.88,0.6100000000000003,3.338549817423053,1.095830183651092,-3.872389576361922
200512,0.0171652597746618,0.0516988662451877,-0.25,-0.21,0.2,2.04,3.89,0.4999999999999995,3.338549817423053,0.4961274976896357,-3.4663595396655538
200601,0.018808034467289,0.0591919824616348,3.04,5.75,1.08,-1.0,4.24,0.29,4.018789144050117,0.1548294120768956,-3.670397123871852
200602,0.018808034467289,0.0591919824616348,-0.3,-0.42,-0.35,3.39,4.43,0.1200000000000001,3.63825363825363,0.0483030250533644,-3.7585783458212143
200603,0.018808034467289,0.0591919824616348,1.46,3.4,0.59,-0.08,4.51,0.3500000000000005,3.4179181771103018,0.2158326873970661,-3.716773581918947
200604,0.018808034467289,0.0591919824616348,0.73,-0.84,2.34,-0.33,4.6,0.4700000000000006,3.613835828600931,0.2917985400925804,-3.303438414572675
200605,0.018808034467289,0.0591919824616348,-3.57,-2.85,2.42,-0.04,4.72,0.4000000000000003,3.977272727272729,0.0286794579075877,-3.0828236772010937
200606,0.018808034467289,0.0591919824616348,-0.35,-0.24,0.85,-0.57,4.79,0.3600000000000003,4.1817243159525175,0.3419272743482526,-3.26820141130925
200607,0.018808034467289,0.0591919824616348,-0.78,-3.64,2.62,0.22,4.95,0.04,4.104669061056954,-0.0629021624006576,-3.8372946050341428
200608,0.018808034467289,0.0591919824616348,2.03,0.44,-2.06,1.77,4.96,-0.2199999999999997,3.926568077511483,0.4346315028025849,-3.782527462455872
200609,0.018808034467289,0.0591919824616348,1.84,-1.46,0.08,0.76,4.81,-0.1699999999999999,2.012072434607637,-0.1910259066940645,-3.8529067351867496
200610,0.018808034467289,0.0591919824616348,3.23,1.98,-0.3,-0.26,4.92,-0.3099999999999996,1.4063284781516971,-0.0961492914280937,-3.7170777341439
200611,0.018808034467289,0.0591919824616348,1.71,0.71,0.14,-0.91,4.94,-0.4800000000000004,1.9687026754164672,-0.0286506068581826,-3.968144284531507
200612,0.018808034467289,0.0591919824616348,0.87,-0.82,2.73,2.41,4.85,-0.1399999999999996,2.5239777889954462,1.024552735756612,-3.8525935980217803
200701,0.019456804798511,0.0637429324407811,1.4,0.08,-0.69,1.09,4.98,-0.1500000000000003,2.075765178123423,-0.3547020243287124,-3.258920709502581
200702,0.019456804798511,0.0637429324407811,-1.96,1.28,-0.13,0.18,5.03,-0.4700000000000006,2.420260782347028,0.9727628409406552,-3.222777881382658
200703,0.019456804798511,0.0637429324407811,0.68,0.19,-0.96,-2.05,4.94,-0.29,2.798197295943927,0.1735375145814011,-3.725824372470853
200704,0.019456804798511,0.0637429324407811,3.49,-2.03,-1.46,-0.31,4.87,-0.2400000000000002,2.5929247633283525,0.6789736210175645,-3.634668473968483
200705,0.019456804798511,0.0637429324407811,3.24,0.4,-0.65,-0.99,4.73,0.1699999999999999,2.709885742672613,0.0418358969714871,-3.2604185015847467
200706,0.019456804798511,0.0637429324407811,-1.96,0.75,-1.07,-0.65,4.61,0.4199999999999999,2.692765113974227,0.0180065118631445,-3.0107026969095996
200707,0.019456804798511,0.0637429324407811,-3.73,-2.98,-3.72,-3.59,4.82,-0.04,2.317890586495808,-0.1531753636562105,-2.635939010859771
200708,0.019456804798511,0.0637429324407811,0.92,-0.37,-1.86,-2.61,4.2,0.3399999999999998,1.897448478900876,0.1920338941300947,-3.141315377631191
200709,0.019456804798511,0.0637429324407811,3.22,-2.43,-2.23,0.36,3.89,0.6999999999999997,2.8338264299802685,0.2482116761762132,-3.193625245331456
200710,0.019456804798511,0.0637429324407811,1.8,-0.03,-3.05,-3.96,3.9,0.5800000000000005,3.610698365527476,-0.2994904835991407,-2.5892162526101363
200711,0.019456804798511,0.0637429324407811,-4.83,-3.01,-0.95,-1.69,3.27,0.7000000000000002,4.373267326732666,0.5630961927298284,-3.027217845481757
200712,0.019456804798511,0.0637429324407811,-0.87,0.15,-0.54,-2.05,3.0,1.04,4.108813392417532,0.05244269461524,-2.6662875500314387
200801,0.0194711268396809,0.0464694978092349,-6.36,-0.66,3.98,6.93,2.75,0.92,4.294695655165981,-0.1177386358746868,-2.868311559833814
200802,0.0194711268396809,0.0464694978092349,-3.09,-0.66,-0.84,5.05,2.12,1.4099999999999997,4.142959270611968,-0.3650871353044871,-2.5306220228278606
200803,0.0194711268396809,0.0464694978092349,-0.93,0.56,0.3,-0.37,1.26,2.1900000000000004,3.9749035501344334,-0.325842045218927,-2.9208787332200585
200804,0.0194711268396809,0.0464694978092349,4.6,-1.14,-1.04,3.13,1.29,2.48,3.903760975988813,-0.6832913526329532,-3.2063305826843216
200805,0.0194711268396809,0.0464694978092349,1.86,3.06,-1.49,-2.28,1.73,2.33,4.088413823123993,-0.6059017851470672,-2.8382925460430926
200806,0.0194711268396809,0.0464694978092349,-8.44,1.15,-2.67,-7.09,1.86,2.13,4.935966105947864,-0.2665481564335104,-2.705649104414729
200807,0.0194711268396809,0.0464694978092349,-0.77,3.72,5.42,7.94,1.63,2.3600000000000003,5.497512078341837,-0.4442993598364086,-2.8350023074673585
200808,0.0194711268396809,0.0464694978092349,1.53,3.46,1.59,-0.51,1.72,2.1100000000000003,5.308017162091239,-1.5857752958618576,-1.8689499223765953
200809,0.0194711268396809,0.0464694978092349,-9.24,0.25,5.92,-3.75,1.13,2.72,4.953319875136075,-4.380202116004128,-1.4228935480406675
200810,0.0194711268396809,0.0464694978092349,-17.23,-3.34,-2.3,-9.37,0.67,3.34,3.7310578899565128,1.001079532701299,-1.6585631467844164
200811,0.0194711268396809,0.0464694978092349,-7.86,-3.89,-6.31,-9.99,0.19,2.74,1.0999174706166848,-1.2981556813227213,-1.9537647039750077
200812,0.0194711268396809,0.0464694978092349,1.74,3.29,0.15,5.46,0.03,2.22,-0.022228002553859,-2.831490453945529,-2.212629959175521
200901,0.0205909657953523,0.0107923061301459,-8.12,-2.13,-11.29,0.18,0.13,2.74,-0.1135860190221271,-2.4792558591163805,-2.3045281348724154
200902,0.0205909657953523,0.0107923061301459,-10.1,-1.33,-6.95,-7.01,0.3,2.72,0.0084631406715107,-0.6108772124356898,-1.9469844070363502
200903,0.0205909657953523,0.0107923061301459,8.95,0.68,3.48,3.04,0.21,2.5,-0.4464787676623838,-1.5502975824556176,-2.4430350717575084
200904,0.0205909657953523,0.0107923061301459,10.18,7.13,5.36,-6.52,0.16,3.0,-0.5763244243767063,-0.7991498553412635,-2.527204178979255
200905,0.0205909657953523,0.0107923061301459,5.21,-2.32,0.27,-2.71,0.18,3.29,-1.015761495855172,-0.97530782169597,-2.831436498015262
200906,0.0205909657953523,0.0107923061301459,0.43,2.29,-2.73,4.8,0.18,3.35,-1.2291746182109151,-0.3046440561448982,-2.7902010571988654
200907,0.0205909657953523,0.0107923061301459,7.72,2.39,4.84,4.43,0.18,3.34,-1.958761003762277,1.194434473768724,-3.064736787342145
200908,0.0205909657953523,0.0107923061301459,3.33,-0.09,7.63,-2.08,0.17,3.23,-1.4838355663267633,1.116978824891124,-3.1296379654145006
200909,0.0205909657953523,0.0107923061301459,4.08,2.73,1.04,1.12,0.12,3.19,-1.377942862886472,0.8557413482541909,-2.77364934828828
200910,0.0205909657953523,0.0107923061301459,-2.59,-4.93,-4.2,2.14,0.07,3.3400000000000003,-0.2239682942003384,0.2290531364376402,-3.106974455798115
200911,0.0205909657953523,0.0107923061301459,5.56,-2.68,-0.34,0.45,0.05,3.16,1.9145871744709275,0.4022670327098909,-3.4883175905843267
200912,0.0205909657953523,0.0107923061301459,2.75,6.23,-0.17,1.47,0.05,3.8,2.8141231232083674,0.3307339246144902,-3.1093831790291033
201001,0.0258901545784329,0.05888537165831,-3.36,0.34,0.43,3.64,0.06,3.57,2.621111388976716,1.0700671299129327,-3.0217483538880834
201002,0.0258901545784329,0.05888537165831,3.4,1.51,3.23,1.63,0.11,3.5,2.151336357866529,0.3431956775956424,-3.6821986136676252
201003,0.0258901545784329,0.05888537165831,6.31,1.85,2.21,0.8,0.15,3.69,2.2861714393279886,0.7203577318620091,-3.1616977332723755
201004,0.0258901545784329,0.05888537165831,2.0,4.98,2.89,-1.86,0.16,3.53,2.2067707525304403,0.3518896317916464,-2.4075400186039446
201005,0.0258901545784329,0.05888537165831,-7.89,0.04,-2.44,0.52,0.16,3.15,2.003548929218568,1.3739911186381404,-2.593230774280458
201006,0.0258901545784329,0.05888537165831,-5.57,-2.47,-4.7,-4.87,0.12,2.85,1.1215605940686268,0.2155896272709512,-2.849579356481412
201007,0.0258901545784329,0.05888537165831,6.93,0.14,-0.33,4.11,0.16,2.78,1.3407784804821077,0.3835703489782904,-2.956399496836129
201008,0.0258901545784329,0.05888537165831,-4.77,-3.13,-1.93,1.0,0.16,2.31,1.1501775395112546,0.3660617307771563,-3.0294024239021797
201009,0.0258901545784329,0.05888537165831,9.54,3.77,-3.18,3.29,0.15,2.38,1.1183122472331777,0.2878283700489925,-3.415366267334709
201010,0.0258901545784329,0.05888537165831,3.88,0.86,-2.51,-1.34,0.13,2.5,1.1666951489314623,-0.2721406386635649,-3.1775235907107686
201011,0.0258901545784329,0.05888537165831,0.6,3.64,-0.92,-0.95,0.14,2.67,1.084544776600338,0.0794784657632385,-3.545758576053717
201012,0.0258901545784329,0.05888537165831,6.82,0.99,3.76,2.27,0.14,3.16,1.437793022217937,0.9795278887062996,-3.5274135276558476
201101,0.0202299791737126,0.0688424500258103,1.99,-2.38,0.75,-0.09,0.15,3.27,1.7007834915029774,-0.2037717542642925,-3.422139992900761
201102,0.0202299791737126,0.0688424500258103,3.49,1.65,1.27,-0.69,0.13,3.29,2.124898173333145,-0.4297902229684069,-3.027288148851851
201103,0.0202299791737126,0.0688424500258103,0.46,2.63,-1.85,-0.86,0.1,3.37,2.619241510354109,1.06352091017603,-3.6797385824688273
201104,0.0202299791737126,0.0688424500258103,2.9,-0.5,-2.49,-1.08,0.06,3.26,3.0772344447868694,-0.3505990508820833,-3.4879066718352942
201105,0.0202299791737126,0.0688424500258103,-1.27,-0.71,-2.0,-1.22,0.04,3.01,3.4589718808965,0.1334721443634778,-3.038566963626575
201106,0.0202299791737126,0.0688424500258103,-1.75,0.13,-0.39,-0.93,0.04,3.14,3.502318150636041,0.2870624616779116,-3.1515167911449695
201107,0.0202299791737126,0.0688424500258103,-2.35,-1.2,-0.9,-1.07,0.04,2.78,3.5798809769996165,0.4746578029851012,-1.9758442210381346
201108,0.0202299791737126,0.0688424500258103,-5.99,-3.2,-2.36,-1.35,0.02,2.21,3.75499603070808,0.6389884552417069,-2.486969610114436
201109,0.0202299791737126,0.0688424500258103,-7.59,-3.65,-1.72,-9.57,0.01,1.91,3.812621692818685,-0.072347258427996,-2.453080410116274
201110,0.0202299791737126,0.0688424500258103,11.35,3.46,0.1,12.21,0.02,2.15,3.5222681306640524,0.6990563843747299,-2.434604850042187
201111,0.0202299791737126,0.0688424500258103,-0.28,-0.27,-0.45,1.25,0.01,2.0700000000000003,3.451432214581729,-0.0011495165760377,-2.9455205311022867
201112,0.0202299791737126,0.0688424500258103,0.74,-0.33,1.63,-1.54,0.01,1.88,3.062066838419386,0.5251261086431036,-3.6705361596218604
201201,0.0206062590634794,0.0677909279443639,5.05,2.05,-0.97,6.52,0.03,1.8,3.0087663379855023,0.6083552162405415,-3.6899214635381368
201202,0.0206062590634794,0.0677909279443639,4.42,-1.7,0.43,-0.34,0.09,1.89,2.898178442347388,0.3274470701288612,-3.3817117181283343
201203,0.0206062590634794,0.0677909279443639,3.11,-0.47,1.14,-0.8,0.08,2.15,2.5828752813320977,-0.5190744408363313,-3.2103403849639043
201204,0.0206062590634794,0.0677909279443639,-0.85,-0.55,-0.78,-0.46,0.08,1.87,2.2731633741348567,0.7270795998422397,-3.2524480588356663
201205,0.0206062590634794,0.0677909279443639,-6.19,-0.12,-1.06,-3.34,0.09,1.5,1.7379429374660749,0.1964145858643018,-2.836545802343598
201206,0.0206062590634794,0.0677909279443639,3.89,0.84,0.62,-0.79,0.09,1.5799999999999998,1.653870448297634,0.010873434251124,-3.233835568686114
201207,0.0206062590634794,0.0677909279443639,0.79,-2.8,-0.02,1.47,0.1,1.41,1.4175114798464783,0.2013418000141431,-3.6124086507913953
201208,0.0206062590634794,0.0677909279443639,2.55,0.45,1.3,3.03,0.1,1.47,1.6859349154821237,-0.3952209081175328,-3.4320417942603734
201209,0.0206062590634794,0.0677909279443639,2.73,0.61,1.6,-0.19,0.11,1.5399999999999998,1.9497168982819613,-0.0696770294976389,-3.4925698486767818
201210,0.0206062590634794,0.0677909279443639,-1.76,-0.9,3.59,0.25,0.1,1.62,2.1556780595369363,0.3128396938243627,-3.1322536546488555
201211,0.0206062590634794,0.0677909279443639,0.78,0.47,-0.84,0.91,0.09,1.53,1.7960197033926262,0.4013635082143585,-3.436337723426136
201212,0.0206062590634794,0.0677909279443639,1.18,1.91,3.51,0.18,0.07,1.71,1.7595049796895523,0.2699777401107051,-3.5027923351557346
201301,0.0240277414691906,0.0665164772639899,5.57,0.47,0.96,-1.42,0.07,1.95,1.684061762098299,0.004582559389954,-3.345216755469299
201302,0.0240277414691906,0.0665164772639899,1.29,-0.25,0.11,-1.19,0.1,1.7899999999999998,2.0181404902574807,0.4790082573936205,-3.816175901620525
201303,0.0240277414691906,0.0665164772639899,4.03,0.86,-0.19,-1.86,0.09,1.78,1.5187472411246183,0.4109521015310147,-3.1936644602074136
201304,0.0240277414691906,0.0665164772639899,1.55,-2.25,0.45,-1.19,0.06,1.64,1.138808047576867,-0.1140506344445069,-3.446158503570768
201305,0.0240277414691906,0.0665164772639899,2.8,2.09,2.63,1.64,0.04,2.12,1.3903888279197083,0.0918499117877225,-3.048928366276558
201306,0.0240277414691906,0.0665164772639899,-1.2,1.56,0.03,0.5,0.05,2.47,1.7157935271568725,0.1874683893164253,-3.7983899960312235
201307,0.0240277414691906,0.0665164772639899,5.65,1.8,0.57,1.94,0.04,2.56,1.885471805415806,-0.3190168718209207,-3.4793008134800094
201308,0.0240277414691906,0.0665164772639899,-2.71,-0.06,-2.69,-0.81,0.04,2.74,1.538809488600279,0.5863990991227697,-3.6911077930604543
201309,0.0240277414691906,0.0665164772639899,3.77,2.66,-1.22,-0.46,0.02,2.62,1.0947341081747997,0.5358476231057674,-3.272123204629771
201310,0.0240277414691906,0.0665164772639899,4.18,-1.51,1.25,-0.14,0.05,2.52,0.8767991434911471,-0.1187535673551676,-3.673595892151687
201311,0.0240277414691906,0.0665164772639899,3.13,1.4,0.32,0.67,0.07,2.68,1.2328701961954458,0.2459960588589105,-3.6007157006702273
201312,0.0240277414691906,0.0665164772639899,2.81,-0.44,-0.02,1.35,0.07,2.97,1.5128383667573295,0.2112491152196138,-3.3213172233892574
201401,0.02363550391786,0.0676844096190218,-3.32,0.58,-2.07,0.33,0.04,2.63,1.557758795574915,-0.3772750322033724,-3.340882715586711
201402,0.02363550391786,0.0676844096190218,4.65,0.16,-0.31,-0.19,0.05,2.6100000000000003,1.1204746347724948,0.7593075930759419,-3.5240649969333377
201403,0.02363550391786,0.0676844096190218,0.43,-1.13,4.93,2.66,0.05,2.68,1.6126949139408042,1.010735592005818,-3.2991448255747238
201404,0.02363550391786,0.0676844096190218,-0.19,-4.14,1.17,-2.1,0.03,2.64,2.015125303606169,0.0646513396484582,-3.7480858638655232
201405,0.02363550391786,0.0676844096190218,2.06,-1.89,-0.13,0.47,0.03,2.45,2.166947687079812,0.4093575864692944,-4.086801461568297
201406,0.02363550391786,0.0676844096190218,2.61,3.1,-0.7,-0.52,0.04,2.49,2.0589816945944195,0.3317054471275948,-3.4799885888859485
201407,0.02363550391786,0.0676844096190218,-2.04,-4.29,0.03,2.66,0.03,2.5500000000000003,1.9742378703305967,0.2121861311947581,-3.756260603626194
201408,0.02363550391786,0.0676844096190218,4.24,0.31,-0.45,1.61,0.03,2.3200000000000003,1.7150983482969062,-0.1557146094539496,-3.6174192844742024
201409,0.02363550391786,0.0676844096190218,-1.97,-3.73,-1.34,-0.19,0.02,2.5,1.6840509711232077,0.3130838663422119,-2.913993095607193
201410,0.02363550391786,0.0676844096190218,2.52,3.72,-1.81,-2.6,0.02,2.33,1.6095417021513292,0.0112645856963133,-4.401589926705383
201411,0.02363550391786,0.0676844096190218,2.55,-2.28,-3.09,-3.29,0.02,2.16,1.231524989320798,0.6321051139342782,-3.1090961808424677
201412,0.02363550391786,0.0676844096190218,-0.06,2.86,2.27,-1.01,0.03,2.14,0.6531213919623191,-0.0054997964110348,-3.0536344304421896
201501,0.0216422660725652,0.0561414868631884,-3.11,-0.91,-3.58,-0.42,0.03,1.65,-0.2299309782054281,-0.782171960109812,-3.5570563531362946
201502,0.0216422660725652,0.0561414868631884,6.13,0.31,-1.86,3.54,0.02,1.98,-0.0870314629352053,-0.6541280772271674,-3.182607151262354
201503,0.0216422660725652,0.0561414868631884,-1.12,3.07,-0.37,-0.12,0.03,1.91,-0.0220312844238734,-0.3204070824355698,-3.731140869760517
201504,0.0216422660725652,0.0561414868631884,0.59,-3.06,1.82,4.12,0.02,2.03,-0.1040309893939106,-0.5696103079824044,-3.5138322953621213
201505,0.0216422660725652,0.0561414868631884,1.36,0.82,-1.14,2.4,0.02,2.1,0.0350332182442958,-0.4553356248271467,-3.4284539468297464
201506,0.0216422660725652,0.0561414868631884,-1.53,2.89,-0.79,-3.58,0.02,2.33,0.1795718097550525,-0.3025311808539155,-3.3797618605498783
201507,0.0216422660725652,0.0561414868631884,1.54,-4.58,-4.13,-4.93,0.03,2.1700000000000004,0.2256861110409458,0.6241161009215013,-2.570917595677369
201508,0.0216422660725652,0.0561414868631884,-6.04,0.24,2.77,1.51,0.07,2.14,0.2413037985344868,-0.1592400786507575,-2.754087968861092
201509,0.0216422660725652,0.0561414868631884,-3.07,-2.8,0.56,-3.17,0.02,2.04,0.00884296163417,-0.2907546941775751,-3.213001121770921
201510,0.0216422660725652,0.0561414868631884,7.75,-2.05,-0.46,0.9,0.02,2.14,0.127616560670507,-0.4606028572081477,-3.3977683704891195
201511,0.0216422660725652,0.0561414868631884,0.56,3.29,-0.42,0.08,0.12,2.09,0.4363182169185187,-0.7475014248341405,-2.9322428452852383
201512,0.0216422660725652,0.0561414868631884,-2.17,-2.97,-2.61,1.15,0.23,2.04,0.6387247515364791,-0.5020203503281473,-2.724417153903462
201601,0.0211,0.0499500499500499,-5.77,-3.48,2.09,-2.85,0.26,1.68,1.2375025026943876,0.5223420491413888,-2.975825329124388
201602,0.0211,0.0499500499500499,-0.07,0.85,-0.57,-0.93,0.31,1.43,0.8472775790126619,-0.545166797713148,-3.332735409925276
201603,0.0211,0.0499500499500499,6.96,1.08,1.19,1.54,0.29,1.49,0.8916160965521946,-0.7308398440659225,-3.554472263104023
201604,0.0211,0.0499500499500499,0.91,1.22,3.28,0.42,0.23,1.6,1.1726257503534845,0.281289368545079,-3.4560951684774475
201605,0.0211,0.0499500499500499,1.78,-0.62,-1.66,0.11,0.27,1.57,1.0784764621246223,-0.2184490422669882,-2.927694114777809
201606,0.0211,0.0499500499500499,-0.05,0.44,-1.48,1.44,0.27,1.22,1.0792865347959424,0.4841641578067879,-3.823302610738085
201607,0.0211,0.0499500499500499,3.95,2.49,-1.27,4.53,0.3,1.16,0.8683633430518256,0.1098984578764783,-4.09185627773166
201608,0.0211,0.0499500499500499,0.49,1.7,3.13,-0.35,0.3,1.28,1.0553158595656864,-0.081549233072975,-3.1965345145068156
201609,0.0211,0.0499500499500499,0.25,1.86,-1.23,0.03,0.29,1.31,1.5486446201652182,-0.0970073535219273,-3.9591065540442325
201610,0.0211,0.0499500499500499,-2.02,-4.04,4.12,2.55,0.33,1.51,1.685924966243646,0.0735863514549128,-3.4814356897293006
201611,0.0211,0.0499500499500499,4.86,7.04,8.19,0.31,0.45,1.92,1.6843334719788938,-0.3919693878997932,-3.776988183203924
201612,0.0211,0.0499500499500499,1.81,0.39,3.56,-1.17,0.51,1.94,2.0507989115119862,0.6977463058695177,-3.99983515277876
201701,0.0203,0.0450856627592425,1.94,-1.43,-2.76,3.34,0.51,1.94,2.510393348257112,-0.2349759773162985,-4.2021294818065345
201702,0.0203,0.0450856627592425,3.57,-2.21,-1.68,-1.06,0.52,1.84,2.8103616813294208,-0.3709562980079739,-3.730304610665603
201703,0.0203,0.0450856627592425,0.17,0.74,-3.32,-0.85,0.74,1.66,2.44119623655914,0.644199763898401,-3.923977709390599
201704,0.0203,0.0450856627592425,1.09,0.47,-2.1,-2.1,0.8,1.49,2.176223471915395,0.9507774086647158,-3.797362568997851
201705,0.0203,0.0450856627592425,1.06,-3.03,-3.78,-3.37,0.89,1.3199999999999998,1.856343166761976,0.1203901280095065,-3.8558472948511437
201706,0.0203,0.0450856627592425,0.78,2.57,1.48,4.08,0.98,1.33,1.640565809959127,0.1944499373805364,-4.129643485106303
201707,0.0203,0.0450856627592425,1.87,-1.66,-0.24,2.0,1.07,1.2299999999999998,1.7251073506566073,-0.2278633178932509,-3.595472523949784
201708,0.0203,0.0450856627592425,0.16,-1.83,-2.09,-0.35,1.01,1.11,1.92812155729698,-0.4300927022110157,-4.1327349994814435
201709,0.0203,0.0450856627592425,2.51,4.77,3.12,2.81,1.03,1.3,2.1805652303711787,0.1047517563979916,-4.215155804530627
201710,0.0203,0.0450856627592425,2.25,-1.93,0.21,-0.74,1.07,1.3099999999999998,2.020757753132485,1.232351661745268,-3.971224161413926
201711,0.0203,0.0450856627592425,3.12,-0.36,-0.08,0.42,1.23,1.19,2.172493864295566,0.2590147735452408,-4.158939754856585
201712,0.0203,0.0450856627592425,1.06,-1.07,0.05,-0.76,1.32,1.0799999999999998,2.129930719552253,0.1951417987610115,-3.5817991797315107
201801,0.0184,0.0423908435777872,5.57,-3.2,-1.33,0.66,1.41,1.3100000000000005,2.151318868063945,-0.0624893428072703,-2.6142406868895556
201802,0.0184,0.0423908435777872,-3.65,0.31,-1.07,-2.37,1.57,1.3,2.263468931091861,0.3665901005879046,-2.865051304201857
201803,0.0184,0.0423908435777872,-2.35,3.58,-0.23,0.32,1.7,1.0400000000000005,2.3309497646499366,0.4701981809177136,-3.0239799572204173
201804,0.0184,0.0423908435777872,0.28,0.93,0.54,-0.78,1.76,1.1900000000000002,2.4709963021052994,1.078497438972037,-3.494097095578315
201805,0.0184,0.0423908435777872,2.65,4.74,-3.18,-0.1,1.86,0.97,2.781921607842497,-0.9247504518765992,-3.6905887271970164
201806,0.0184,0.0423908435777872,0.48,0.81,-2.33,0.63,1.9,0.9500000000000002,2.8075506935940187,0.7825875491131562,-3.6658729753000774
201807,0.0184,0.0423908435777872,3.19,-1.93,0.47,1.78,1.96,1.0,2.854124785561929,0.1366379694628605,-3.830037032109059
201808,0.0184,0.0423908435777872,3.44,0.63,-3.98,1.53,2.03,0.8300000000000001,2.642923856874257,0.7231930818109022,-4.188554759174537
201809,0.0184,0.0423908435777872,0.06,-2.49,-1.69,0.08,2.13,0.92,2.332055105808828,0.0359336553270805,-2.693290892101519
201810,0.0184,0.0423908435777872,-7.68,-4.46,3.44,1.27,2.25,0.8999999999999999,2.492032470218053,-0.1713438873740425,-2.9324447963164064
201811,0.0184,0.0423908435777872,1.69,-0.77,0.28,1.23,2.33,0.6799999999999997,2.147328577667773,0.0586878738345397,-2.495924166746336
201812,0.0184,0.0423908435777872,-9.57,-2.87,-1.85,-1.61,2.37,0.3199999999999998,2.0023809043401064,-0.0058653451370904,-2.9026753046323566
201901,0.0209,0.040048057669203,8.4,3.02,-0.46,8.1,2.37,0.2599999999999998,1.5506772911568325,-0.5977233433274387,-3.769054528893221
201902,0.0209,0.040048057669203,3.4,1.74,-2.67,-0.07,2.39,0.3399999999999998,1.520063800199578,-0.5260561268416342,-3.403022532029947
201903,0.0209,0.040048057669203,1.1,-3.5,-4.1,0.09,2.4,0.0100000000000002,1.853135505274928,-0.0005834918486269,-3.94504201874519
201904,0.0209,0.040048057669203,3.97,-1.17,2.14,0.88,2.38,0.1299999999999999,1.991791453360348,-0.5645316575349613,-3.1512738091420514
201905,0.0209,0.040048057669203,-6.94,-1.58,-2.35,0.81,2.35,-0.2099999999999999,1.793518134549732,0.1673380727857054,-3.422476936030965
201906,0.0209,0.040048057669203,6.93,0.36,-0.72,3.84,2.17,-0.1699999999999999,1.6496824928889486,0.0684441979628802,-3.71470162103275
201907,0.0209,0.040048057669203,1.19,-1.78,0.47,-0.21,2.1,-0.08,1.779757497591694,-0.4543888971824339,-2.7216382401207033
201908,0.0209,0.040048057669203,-2.58,-3.23,-4.77,-2.39,1.95,-0.4499999999999999,1.7467804166683365,0.7368883277986793,-3.7047906232710286
201909,0.0209,0.040048057669203,1.43,0.27,6.74,5.05,1.89,-0.2099999999999999,1.7166173636500748,-0.2373135983902874,-3.247721270718314
201910,0.0209,0.040048057669203,2.06,0.27,-1.92,-0.41,1.65,0.04,1.769183295618193,-0.9063556077888224,-4.04537218207028
201911,0.0209,0.040048057669203,3.87,0.45,-2.0,-0.19,1.54,0.24,2.062202585967987,0.5371930922755563,-3.798083560136258
201912,0.0209,0.040048057669203,2.77,0.97,1.77,0.64,1.54,0.3799999999999999,2.313988772268538,-0.2584485256686308,-3.397649754524804
202001,0.0183,0.0510204081632653,-0.11,-4.38,-6.23,2.56,1.52,-0.01,2.500415482870233,-0.497821051391778,-2.6720092303934075
202002,0.0183,0.0510204081632653,-8.13,0.04,-3.79,-2.39,1.52,-0.3900000000000001,2.339315179889612,0.2527205435563173,-1.3075998492789422
202003,0.0183,0.0510204081632653,-13.39,-8.3,-13.95,-11.6,0.29,0.41,1.5428674833400269,-3.902079049127749,-2.1234839577306652
202004,0.0183,0.0510204081632653,13.65,2.58,-1.26,15.68,0.14,0.5,0.3452045562299277,-13.381462763343263,-2.752027244535966
202005,0.0183,0.0510204081632653,5.58,1.97,-4.89,-3.28,0.13,0.52,0.2264091817149038,1.625690472222141,-2.466244530152693
202006,0.0183,0.0510204081632653,2.46,1.97,-2.17,-1.9,0.16,0.5,0.716024126133119,6.501212005601742,-3.216398692006293
202007,0.0183,0.0510204081632653,5.77,-3.2,-1.37,-3.3,0.13,0.42,1.014138490721006,3.7699931740614367,-3.602143305760961
202008,0.0183,0.0510204081632653,7.63,-0.89,-2.96,-2.36,0.1,0.62,1.3090732995129972,0.9195448268894068,-2.6585011229252005
202009,0.0183,0.0510204081632653,-3.63,0.01,-2.68,0.41,0.11,0.58,1.3714811450580957,-0.0455739554751866,-2.8050913329714535
202010,0.0183,0.0510204081632653,-2.1,4.64,4.22,0.58,0.1,0.78,1.182534869617946,0.6101556272458231,-2.9973287258412733
202011,0.0183,0.0510204081632653,12.47,7.12,2.13,3.01,0.09,0.75,1.1675581742648378,0.4430193343924804,-3.6480492852650035
202012,0.0183,0.0510204081632653,4.63,4.79,-1.5,-2.98,0.09,0.8400000000000001,1.3220373062765134,1.1553185953638634,-3.088273024106912
202101,0.0158,0.040192926045016,-0.03,6.92,2.97,0.76,0.08,1.03,1.39478144048919,0.8249009445228328,-3.2507228015495513
202102,0.0158,0.040192926045016,2.78,4.53,7.17,4.5,0.04,1.4,1.693359254459037,-3.451180155410427,-3.001122431655934
202103,0.0158,0.040192926045016,3.08,-0.86,7.39,-0.9,0.03,1.71,2.63051866544759,2.8945922595581264,-3.4250816905987187
202104,0.0158,0.040192926045016,4.93,-3.15,-0.95,1.32,0.02,1.63,4.130546834731286,0.1564170210251125,-3.25231870235058
202105,0.0158,0.040192926045016,0.29,1.23,7.09,1.34,0.02,1.56,4.915034314568456,0.8772126167226002,-3.7031822475807568
202106,0.0158,0.040192926045016,2.75,-0.34,-7.83,3.11,0.04,1.41,5.281610671398451,0.3618730257345381,-3.3954363887670067
202107,0.0158,0.040192926045016,1.27,-4.63,-1.78,-0.71,0.05,1.19,5.221505509567215,0.616523430905147,-3.7042298389875166
202108,0.0158,0.040192926045016,2.91,-0.68,-0.15,-1.54,0.05,1.25,5.188291938275547,0.0023970492323943,-3.287988409417831
202109,0.0158,0.040192926045016,-4.37,1.13,5.09,0.76,0.04,1.48,5.383630287391039,-1.0627662283833716,-3.3835097891935053
202110,0.0158,0.040192926045016,6.65,-2.7,-0.49,-1.61,0.05,1.5,6.237753855374462,1.254878287607486,-3.3125434277484853
202111,0.0158,0.040192926045016,-1.55,-1.77,-0.45,-2.75,0.05,1.38,6.862387994463481,0.889890284084971,-2.9920628318577345
202112,0.0158,0.040192926045016,3.1,-0.77,3.26,-0.21,0.06,1.46,7.194458755509747,-0.3074198766565561,-2.9426408565610944
202201,0.0129,0.0278086763070077,-6.25,-4.04,12.75,-4.7,0.15,1.64,7.595278888254331,0.1354994746545657,-2.8029210449109714
202202,0.0129,0.0278086763070077,-2.29,2.94,3.08,-3.31,0.33,1.5,7.954847176810631,0.6472802647325748,-2.675141257349932
202203,0.0129,0.0278086763070077,3.05,-2.16,-1.8,0.08,0.44,1.88,8.515216258861358,0.7881852855032623,-2.656559367874699
202204,0.0129,0.0278086763070077,-9.46,-0.41,6.17,-1.97,0.76,2.13,8.22777215284809,0.3096274322293535,-2.42938456172702
202205,0.0129,0.0278086763070077,-0.34,-0.05,8.39,-2.09,0.98,1.87,8.502331957503229,-0.0178996510540874,-2.466599119239694
202206,0.0129,0.0278086763070077,-8.43,1.31,-5.98,1.65,1.49,1.49,8.932986890105287,-0.0881521042179644,-2.8742212563921097
202207,0.0129,0.0278086763070077,9.57,1.86,-4.1,6.32,2.23,0.4399999999999999,8.413182025581012,0.4348194452424625,-2.8495579676918212
202208,0.0129,0.0278086763070077,-3.77,1.49,0.3,1.7,2.63,0.52,8.227361014402469,0.0985137608985553,-2.655833265496694
202209,0.0129,0.0278086763070077,-9.35,-0.97,0.06,-1.61,3.13,0.7000000000000002,8.214853956529966,0.2846919243973067,-2.517672854493513
202210,0.0129,0.0278086763070077,7.83,1.86,8.05,0.33,3.72,0.3799999999999994,7.762492676893706,-0.1532914188680734,-2.530221201582776
202211,0.0129,0.0278086763070077,4.6,-2.67,1.38,0.55,4.15,-0.4700000000000002,7.135348084575055,-0.3325929480234024,-2.9569930227577452
